Brand,Ram,Hdd,Price,Processor,Gen
Acer,4,128,35354,i3,1
Acer,8,1TB ,66614,i7,1
Acer,4,256,35512,AMD,1
Acer,8,1TB ,58425,i7,1
Acer,4,1TB ,47087,i3,1
Acer,4,128,27480,Pentium4,1
Acer,4,500,50315,i7,1
Acer,1,128,,Core2 Duo,1
Acer,8,256,76929,i5,1
Acer,4,32,30630,Dual Core,1
Acer,4,1TB ,30630,i3,1
Acer,16,128  +  1TB ,86535,i7,1
Acer,4,1TB ,36663,i3,1
Acer,8,1TB ,30630,i3,1
Acer,8,256,60630,i5,1
Acer,8,256,74094,i5,1
Acer,16,128  +  1TB ,106220,i7,1
Acer,4,500,47401,i5,1
Acer,2,32,15669,AMD,1
Acer,4,1TB ,31732,AMD,1
Acer,8,128,63779,i5,1
Acer,4,500,46063,i5,1
Acer,4,500,22756,Dual Core,1
Acer,8,256,92834,i5,1
Acer,4,32,27480,Dual Core,1
Acer,8,256  +  1TB ,89002,i7,1
Acer,4,1TB ,48268,i5,1
Acer,8,256,77086,i7,1
Acer,8,1TB ,58661,i7,1
Acer,8,1TB ,61338,i7,1
Acer,4,256,63386,i5,1
Acer,4,1TB ,28623,Pentium4,1
Acer,4,1TB ,51575,i3,1
Acer,8,256,62127,i7,1
Acer,4,1TB ,41732,i3,1
Acer,4,1TB ,35197,i3,1
Acer,4,128,33543,AMD,1
Acer,8,256,66220,i7,1
Acer,8,256,36929,AMD,1
Acer,4,500,28488,i3,1
Acer,8,256,51890,AMD,1
Acer,8,128,48740,i3,1
Acer,4,500,,i5,1
Acer,6,1TB ,37716,i3,1
Acer,4,256,55275,i3,1
Acer,4,32,27480,Dual Core,1
Acer,2,32,21968,Dual Core,1
Acer,16,256  +  1TB ,173149,AMD,1
Acer,8,256,66693,i5,1
Acer,8,1TB ,38504,i3,1
Acer,4,320,,i7,1
Acer,8,256,213543,i7,1
Acer,4,1TB ,33701,i3,1
Acer,8,256,82598,i7,1
Acer,8,256  +  1TB ,105039,i7,1
Acer,6,128  +  1TB ,56614,i5,1
Acer,16,512,149527,i7,1
Acer,8,1TB ,54252,i7,1
Acer,4,1TB ,27402,Dual Core,1
Acer,8,256,74882,i7,1
Apple,8,750,98999,i7,3
Apple,4,Intel HD Graphics 5000,86900,i5,4
Apple,8,500,237022,i5,4
Apple,16,Intel Iris Pro Graphics,140818,i7,4
Apple,4,500,89799,i5,3
Apple,16,512,180000,i7,2
Apple,4,500,115690,i7,3
Apple,8,750,,i3,1
Apple,8,256,129921,i5,UNKNOWN
Apple,8,256,69594,i5,5
Apple,16,512,160000,i7,4
Apple,16,512,204389,i7,7
Apple,16,256,154699,i7,UNKNOWN
Apple,8,256,138099,i7,3
Apple,16,256,186926,i7,7
Apple,8,512,147680,i5,7
Apple,8,Intel Iris Graphics 6100,94000,i5,5
Apple,4,Intel HD Graphics 5000,72900,i5,4
Apple,16,512,162593,i7,UNKNOWN
Apple,8,256,103900,UNKNOWN,7
Apple,,,,UNKNOWN,1
Apple,4,500,,i3,UNKNOWN
Apple,8,128,96651,i5,7
Apple,16,256,182499,i7,7
Apple,8,128,60990,i5,5
Apple,8,512,160000,i7,2
Apple,8,512,127800,i5,UNKNOWN
Apple,4,128,69400,i5,4
Apple,4,500,119999,i7,2
Apple,4,256,78400,i5,4
Apple,8,256,108100,i5,2
Apple,8,750,,i3,1
Apple,16,512,147477,i7,7
Apple,8,256,134176,i5,7
Apple,4,Intel HD Graphics 2500,80900,i5,5
Apple,8,Intel HD Graphics 5300,97187,UNKNOWN,UNKNOWN
Apple,4,Intel HD Graphics 5500,72500,i5,5
Apple,8,256,110290,i5,7
Apple,8,512,128700,i5,7
Apple,4,256,82500,i5,4
Apple,8,256,114247,i5,7
Apple,4,Intel HD Graphics 5000,58800,i5,4
Apple,8,Intel HD Graphics 5300,116643,Dual Core,5
Apple,8,256,104800,UNKNOWN,7
Apple,8,256,119990,i5,UNKNOWN
Apple,8,Intel Iris Graphics 6100,115990,i5,UNKNOWN
Apple,8,Intel HD Graphics 5300,92000,UNKNOWN,UNKNOWN
Apple,2,500,,i3,1
Apple,16,256,151214,i7,UNKNOWN
Apple,8,128,95290,i5,7
Apple,4,500,,i3,1
Apple,8,256,69990,i5,5
Apple,16,512,162593,i7,UNKNOWN
Apple,4,128,281179,i5,4
Apple,512,80,,Pentium4,1
Apple,16,256,139380,i7,UNKNOWN
Apple,8,128,56990,i5,5
Apple,2,250,,Pentium4,1
Apple,4,128,72900,i5,5
Apple,,,,UNKNOWN,1
Apple,16,512,161910,i7,4
Apple,8,256,78583,i5,1
Apple,8,128,70783,i5,1
Apple,8,128,105487,i5,1
Apple,8,128  +  1TB ,139370,i5,1
Apple,16,128  +  1TB ,114094,i7,1
Apple,8,512,160630,i5,1
Apple,16,256,168501,i7,1
Assembled,0,0,,Core2 Duo,1
Asus,4,1 TB ,38989,i5,4
Asus,8,512,99899,i7,7
Asus,8,128  +  1TB ,129842,i5,1
Asus,16,256  +  1TB ,121968,AMD,1
Asus,8,256,82669,i7,1
Asus,8,1 TB ,51000,i5,8
Asus,2,500,20293,UNKNOWN,UNKNOWN
Asus,2,"11.6 inches, 1366 x 768 pixels Screen",19700,Dual Core,7
Asus,4,1 TB ,29999,AMD,UNKNOWN
Asus,2,500,16260,Dual Core,1
Asus,8,1 TB ,54990,i5,8
Asus,2,500,17479,Dual Core,4
Asus,4,500,28500,i3,UNKNOWN
Asus,8,256,79990,i5,8
Asus,4,500,41999,i3,UNKNOWN
Asus,4,1 TB ,32500,i3,5
Asus,2,500,21900,Dual Core,2
Asus,4,1 TB ,30999,i3,4
Asus,8,1 TB ,69990,i5,7
Asus,4,1 TB ,32999,i3,5
Asus,2,500,20599,Pentium4,4
Asus,4,500,21899,Pentium4,1
Asus,4,1 TB ,30699,i3,4
Asus,8,1 TB ,48000,i7,UNKNOWN
Asus,8,512,76990,i5,7
Asus,2,500,27000,AMD,1
Asus,8,512,93900,i7,7
Asus,2,500,19791,Dual Core,1
Asus,4,500,25399,i3,3
Asus,4,500,35199,i3,2
Asus,2,500,21890,Pentium4,1
Asus,4,500,30699,i3,2
Asus,2,500,20550,AMD,1
Asus,16,1 TB ,154990,i7,7
Asus,2,500,19990,Pentium4,1
Asus,4,500,31795,i3,2
Asus,2,500,24445,i3,3
Asus,4,500,30000,i3,3
Asus,4,750,47990,i5,3
Asus,2,500,20990,Pentium4,1
Asus,4,1 TB ,33999,i3,5
Asus,2,500,15999,Dual Core,1
Asus,6,256,45433,i3,1
Asus,2,500,21490,UNKNOWN,UNKNOWN
Asus,8,128  +  1TB ,70000,i7,1
Asus,4,500,26990,i3,4
Asus,16,1 TB ,109990,i7,6
Asus,2,500,20900,Pentium4,2
Asus,8,1 TB ,82099,i7,7
Asus,4,500,19760,Dual Core,6
Asus,8,1 TB ,51000,i5,8
Asus,4,1 TB ,33499,i3,7
Asus,4,Intel HD Graphics 5500,55990,UNKNOWN,UNKNOWN
Asus,2,500,19800,Dual Core,4
Asus,2,500,20800,Pentium4,4
Asus,16,1 TB ,79990,i7,8
Asus,4,1 TB ,51899,UNKNOWN,7
Asus,2,500,19900,UNKNOWN,UNKNOWN
Asus,8,1 TB ,34499,i3,4
Asus,4,1 TB ,43999,i3,UNKNOWN
Asus,8,1 TB ,68999,i7,4
Asus,16,1 TB ,98990,i7,7
Asus,4,1 TB ,27990,i3,5
Asus,2,500,19599,UNKNOWN,4
Asus,4,1 TB ,21990,AMD,UNKNOWN
Asus,16,128  +  1TB ,149606,i7,1
Asus,8,128  +  1TB ,99606,i7,1
Asus,4,32,29528,Dual Core,1
Asus,4,500,26999,i3,4
Asus,4,1 TB ,26838,i3,5
Asus,4,1 TB ,34791,i3,5
Asus,2,500,20399,Pentium4,1
Asus,4,500,31799,i3,2
Asus,4,750,36995,i5,3
Asus,2,32,16900,Dual Core,1
Asus,2,500,29499,i3,UNKNOWN
Asus,4,1 TB ,26500,i3,5
Asus,4,1 TB ,33000,i3,5
Asus,4,1 TB ,45000,i5,5
Asus,2,500,22450,Pentium4,2
Asus,4,750,25999,i3,UNKNOWN
Asus,4,500,22929,i3,4
Asus,4,500,29500,Pentium4,2
Asus,2,500,21990,Pentium4,4
Asus,4,500,28854,i3,4
Asus,4,500,39990,i5,UNKNOWN
Asus,2,500,21290,Pentium4,4
Asus,8,1 TB ,57950,i5,8
Asus,8,1 TB ,69990,i5,7
Asus,4,1 TB ,26490,i3,6
Asus,8,1 TB ,47530,i5,7
Asus,8,512,92270,i7,8
Asus,8,1 TB ,42850,i5,7
Asus,4,256,51980,UNKNOWN,7
Asus,2,"11.6 inches, 1366 x 768 pixels Screen",13990,Dual Core,1
Asus,4,500,92000,i7,UNKNOWN
Asus,4,1 TB ,22999,Pentium4,1
Asus,2,500,19490,Pentium4,1
Asus,4,500,22500,Pentium4,1
Asus,2,500,17990,Pentium4,1
Asus,4,750,29990,i5,UNKNOWN
Asus,8,1 TB ,78900,i7,UNKNOWN
Asus,16,1 TB ,89000,i7,UNKNOWN
Asus,16,512,121990,i7,6
Asus,8,256,70500,i5,6
Asus,4,1TB ,41732,Pentium4,1
Asus,8,256  +  1TB ,96378,i7,1
Asus,8,256,86142,i7,1
Asus,12,512  +  2TB ,86535,i7,1
Asus,4,256,32677,i3,1
Asus,8,1TB ,58976,i5,1
Asus,8,1TB ,55039,AMD,1
Asus,8,1 TB ,61990,i7,8
Asus,6,640,47490,i5,2
Asus,2,500,21500,Pentium4,1
Asus,2,500,18699,Dual Core,1
Asus,2,500,16990,Dual Core,4
Asus,4,1 TB ,32999,i3,5
Asus,2,500,15929,Dual Core,1
Asus,2,Intel HD Graphics,17499,UNKNOWN,UNKNOWN
Asus,4,1 TB ,26900,i3,6
Asus,4,500,29250,i3,2
Asus,4,500,32999,i3,UNKNOWN
Asus,8,512,76000,i7,7
Asus,4,750,56999,i5,2
Asus,2,500,25269,i3,2
Asus,4,1 TB ,27699,i3,5
Asus,2,32,14999,UNKNOWN,4
Asus,4,1 TB ,30500,i3,5
Asus,2,500,18990,Pentium4,1
Asus,24,1 TB ,125000,i7,4
Asus,4,500,23937,Pentium4,1
Asus,8,1 TB ,100000,i7,4
Asus,8,1 TB ,35500,i3,4
Asus,4,1 TB ,38000,i5,UNKNOWN
Asus,4,640,38500,i5,UNKNOWN
Asus,8,1 TB ,69999,i7,UNKNOWN
Asus,4,1 TB ,32590,i3,4
Asus,2,500,22900,Dual Core,1
Asus,8,1 TB ,75945,i5,7
Asus,1,320,130000,UNKNOWN,UNKNOWN
Asus,4,1 TB ,24947,i3,4
Asus,4,500,19994,Pentium4,1
Asus,4,750,95020,i5,4
Asus,2,750,130000,i3,UNKNOWN
Asus,2,320,14963,Dual Core,2
Asus,2,500,24304,i3,3
Asus,8,1 TB ,45999,i5,UNKNOWN
Asus,8,256,103543,i5,1
Asus,1,250,,Core2 Duo,1
Asus,1,250,,UNKNOWN,1
Asus,8,512,86990,i5,7
Asus,2,Intel Integrated 500,13990,Dual Core,1
Asus,24,8  NVIDIA Graphics Ca,299990,i7,8
Asus,4,512,58670,UNKNOWN,7
Asus,4,1 TB ,41999,i5,7
Asus,8,1 TB ,68999,i5,8
Asus,4,1 TB ,36490,i5,6
Asus,8,1 TB ,83299,i7,7
Asus,4,1 TB ,29270,i3,5
Asus,4,500,19990,Dual Core,6
Asus,8,1 TB ,87990,i7,7
Asus,4,1 TB ,26900,i3,6
Asus,4,1 TB ,33748,i3,7
Asus,4,500,22350,Dual Core,7
Asus,4,1 TB ,29500,i3,5
Asus,16,256,155512,i7,1
Asus,4,500,20394,Dual Core,1
Asus,8,256,145027,i5,1
Asus,8,256,88031,i7,1
Asus,8,500,90866,i5,1
Asus,16,256,70787,i7,1
Asus,8,128  +  1TB ,63701,i5,1
Asus,8,1TB ,63937,i5,1
Asus,4,500,31260,i3,1
Asus,8,128  +  1TB ,70000,i5,1
Asus,2,500,18700,Dual Core,7
Asus,16,256  +  1TB ,125275,i7,1
Asus,4,1 TB ,33999,i3,7
Asus,4,500,27480,AMD,1
Asus,2,500,19500,Pentium4,4
Asus,8,1 TB ,52599,i7,7
Asus,8,1 TB ,82421,i7,8
Asus,2,500,21000,UNKNOWN,4
Asus,4,1 TB ,30499,i3,7
Asus,8,1 TB ,87900,i7,7
Asus,16,512,153543,i7,1
Asus,8,256  +  1TB ,110157,i7,1
Asus,4,1 TB ,25499,i3,6
Asus,4,500,33750,i3,UNKNOWN
Asus,4,500,34787,i5,1
Asus,8,2TB ,43228,i5,1
Asus,4,1 TB ,32500,i3,5
Asus,8,1TB ,62835,i5,1
Asus,8,1 TB ,59990,i7,7
Asus,4,1 TB ,41350,i5,7
Asus,16,512,197559,i7,1
Asus,4,1TB ,46189,i3,1
Asus,4,128,43228,i3,1
Asus,16,256  +  1TB ,159763,i7,1
Asus,8,1 TB ,35990,i7,5
Asus,6,256,51890,i5,1
Asus,24,256  +  1TB ,99921,i7,1
Asus,8,256,77874,i5,1
Asus,8,256,69212,i7,1
Asus,8,256  +  1TB ,133464,AMD,1
Asus,8,128  +  1TB ,85433,i7,1
Asus,8,256,71023,i5,1
Asus,8,1 TB ,67400,i7,8
Asus,8,1 TB ,76500,i7,7
Asus,2,500,22990,Pentium4,1
Asus,2,500,21900,Pentium4,1
Asus,4,500,40000,i3,UNKNOWN
Asus,4,1 TB ,29927,i3,6
Asus,2,500,20500,Pentium4,1
Asus,2,500,20324,Pentium4,4
Asus,2,500,28999,i3,3
Asus,2,500,19900,Pentium4,1
Asus,4,500,33495,AMD,UNKNOWN
Asus,8,1 TB ,55999,i7,3
Asus,12,1TB ,74724,i7,1
Asus,8,128  +  1TB ,73858,i5,1
Asus,8,256  +  1TB ,102283,i7,1
Asus,8,128  +  1TB ,106299,i7,1
Asus,8,1TB ,41180,i5,1
Asus,4,500,17638,Dual Core,1
Asus,4,32,23543,Dual Core,1
Asus,32,256  +  256 ,100708,i7,1
Asus,4,1 TB ,33900,i3,5
Asus,2,500,23999,UNKNOWN,2
Asus,Intel HD,11.6 inches Screen,14641,UNKNOWN,5
Asus,2,500,26999,Pentium4,1
Asus,4,750,41999,i5,3
Asus,4,1 TB ,29649,i3,4
Asus,4,256,44016,i5,1
Asus,16,512,137708,i7,1
Asus,4,500,37900,i5,4
Asus,4,1 TB ,31957,i3,6
Asus,2,500,24990,i3,2
Asus,24,1 TB ,109000,i7,UNKNOWN
Asus,4,500,25000,Pentium4,1
Asus,2,500,26699,i3,2
Asus,2,500,21300,Pentium4,1
Asus,2,500,28500,i3,3
Asus,4,750,39999,i5,UNKNOWN
Asus,2,320,28000,Dual Core,1
Asus,4,500,210000,i7,UNKNOWN
Asus,2,500,18500,AMD,1
Asus,8,1 TB ,75990,i7,4
Asus,4,1 TB ,39500,i5,5
Asus,2,Intel Integrated HD,13990,Dual Core,1
Asus,4,500,25190,i3,3
Asus,8,256,72990,i5,8
Asus,8,1 TB ,64800,i7,7
Asus,8,1 TB ,86750,i7,8
Asus,2,500,19300,UNKNOWN,4
Asus,2,500,34444,Dual Core,1
Asus,16,256,236141,i7,1
Asus,8,1 TB ,65990,i5,8
Asus,2,160,,Core2 Duo,1
Asus,2,500,18099,UNKNOWN,UNKNOWN
Asus,8,256,66614,i5,1
Asus,16,512,142799,i7,7
Asus,8,256,110157,i5,1
Asus,8,1TB ,51890,i5,1
Asus,16,256  +  1TB ,120393,i7,1
Asus,32,256  +  1TB ,220472,i7,1
Asus,4,16,30315,Dual Core,1
Asus,4,1 TB ,22990,AMD,7
Asus,8,1 TB ,63985,i5,8
Asus,8,1 TB ,79990,i7,7
Asus,2,500,25000,i3,UNKNOWN
Asus,8,750,57480,i7,2
Asus,4,1TB ,27087,Dual Core,1
Asus,4,1 TB ,29999,i3,7
Asus,8,1 TB ,41090,i5,7
Asus,16,1 TB ,134990,AMD,UNKNOWN
Asus,8,128  +  1TB ,56614,i5,1
Asus,4,1 TB ,26360,i3,6
Asus,8,512,79990,i5,7
Asus,4,1 TB ,21990,AMD,1
Asus,4,1 TB ,27210,i3,7
Asus,8,1 TB ,51490,i5,8
Asus,4,500,17990,AMD,1
Asus,4,500,20490,Dual Core,7
Asus,4,1 TB ,27999,i3,6
Asus,8,1 TB ,54990,i3,7
Asus,8,1 TB ,87344,i7,7
Asus,8,1 TB ,44990,i3,7
Asus,16,1TB ,83386,i7,1
Asus,4,1 TB ,20392,Pentium4,1
Asus,8,1 TB ,39998,i5,7
Asus,4,1 TB ,33299,i3,7
Asus,8,256,108582,i7,1
Asus,2,"11.6 inches, 1366 x 768 pixels Screen",18159,Dual Core,7
Asus,4,750,56900,i5,UNKNOWN
Asus,2,500,19827,Dual Core,1
Asus,16,512,115900,i7,6
Asus,4,1 TB ,38100,i5,6
Asus,8,512,86990,i5,7
Asus,4,750,29990,i5,UNKNOWN
Asus,2,500,20994,UNKNOWN,UNKNOWN
Asus,4,1 TB ,38751,i3,4
Asus,4,1 TB ,25990,i3,5
Asus,16,1.5 TB ,105000,i7,UNKNOWN
Asus,2,500,28880,i3,UNKNOWN
Asus,4,1 TB ,44990,i5,UNKNOWN
Asus,6,1 TB ,31994,i3,5
Asus,2,500,20490,AMD,UNKNOWN
Asus,8,1 TB ,71500,i7,6
Asus,2,500,20500,Dual Core,1
Asus,8,Intel HD Graphics 5500,93333,i7,5
Asus,4,Intel HD Graphics 5300,50990,Dual Core,5
Asus,2,500,21450,Dual Core,1
Asus,2,500,22499,Pentium4,1
Asus,2,500,23139,Pentium4,1
Asus,4,750,45650,i7,UNKNOWN
Asus,4,1 TB ,74000,i5,7
Asus,4,500,20159,UNKNOWN,4
Asus,4,1 TB ,32999,i3,4
Asus,16,512,115000,i7,4
Asus,2,500,24500,Pentium4,1
Asus,4,32,25000,Dual Core,1
Asus,2,500,24990,Pentium4,1
Asus,4,500,28499,i3,2
Asus,24,1 TB ,139990,i7,UNKNOWN
Asus,4,1 TB ,34280,i3,4
Asus,4,64,21889,AMD,1
Asus,8,1 TB ,72990,i7,8
Asus,4,500,29999,i3,3
Asus,4,1 TB ,40999,i5,7
Asus,4,500,30990,i3,UNKNOWN
Asus,4,1 TB ,42000,i5,5
Asus,24,1.5 TB ,136999,i7,UNKNOWN
Asus,2,500,19399,Dual Core,1
Asus,8,1 TB ,75900,i7,7
Asus,4,1 TB ,27999,i3,6
Asus,4,1 TB ,53999,i3,7
Asus,2,32,17990,Dual Core,1
Asus,4,1 TB ,22990,Pentium4,1
Asus,8,1 TB ,72109,i7,7
Asus,8,1 TB ,135950,i7,7
Asus,8,512,134900,i7,7
Asus,8,1 TB ,72967,i7,7
Asus,6,1 TB ,30990,i3,6
Asus,4,1 TB ,42990,i5,6
Asus,4,1 TB ,31490,i3,5
Asus,8,1 TB ,44999,i5,7
Asus,8,512,85795,i5,8
Asus,4,1 TB ,27888,i3,7
Asus,4,128,40079,i3,1
Asus,8,256,65512,i7,1
Asus,8,1 TB ,40000,i5,7
Asus,4,1 TB ,28090,i3,6
Asus,16,1 TB ,145950,i7,7
Asus,2,32,15110,UNKNOWN,1
Asus,16,1 TB ,99940,i7,7
Asus,8,512,123500,i7,7
Asus,8,1 TB ,59400,i5,8
Asus,8,1 TB ,114990,i7,7
Asus,4,1 TB ,22800,Pentium4,1
Asus,4,256,53701,i5,1
Asus,8,1 TB ,67900,i7,8
Asus,8,1 TB ,50500,i5,8
Asus,16,512,117716,i7,1
Asus,2,500,25789,Pentium4,1
Asus,4,500,34500,i3,3
Asus,4,500,28999,i3,4
Asus,4,Intel HD Graphics 5300,49990,Dual Core,1
Asus,8,512,93900,i7,7
Asus,4,500,36500,i3,4
Asus,2,Intel HD Graphics,17499,Dual Core,1
Asus,8,750,49000,i7,2
Asus,2,500,17500,Dual Core,1
Asus,8,1 TB ,43900,i5,UNKNOWN
Asus,2,500,22987,Pentium4,2
Asus,4,1 TB ,43901,i5,5
Asus,2,500,20499,Pentium4,2
Asus,2,500,27990,i3,UNKNOWN
Asus,4,500,58660,i3,UNKNOWN
Asus,2,500,19150,Dual Core,1
Asus,4,1 TB ,36590,i3,5
Asus,1,320,16265,UNKNOWN,UNKNOWN
Asus,2,500,20950,Dual Core,1
Asus,4,1 TB ,31999,i3,6
Asus,4,1 TB ,36999,i3,4
Asus,2,500,20100,UNKNOWN,UNKNOWN
Asus,4,750,54000,i7,UNKNOWN
Asus,2,500,24000,Dual Core,1
Asus,4,500,19200,Dual Core,5
Asus,24,1.5 TB ,162800,i7,4
Asus,4,500,37125,i3,2
Asus,4,750,37000,i5,3
Asus,8,1 TB ,60000,i7,4
Asus,2,500,21399,Pentium4,1
Asus,2,500,20000,Pentium4,1
Asus,2,500,23000,Pentium4,4
Asus,2,500,18000,Dual Core,1
Asus,4,500,57990,i7,3
Asus,16,1 TB ,126744,i7,6
Asus,4,500,29490,i3,4
Asus,2,500,27000,i3,UNKNOWN
Asus,4,320,26990,AMD,UNKNOWN
Asus,4,750,39490,i5,3
Asus,4,500,38500,i5,UNKNOWN
Asus,16,1 TB ,169995,i7,6
Asus,8,512,82900,i5,7
Asus,2,500,22990,i3,UNKNOWN
Asus,2,500,19998,Dual Core,4
Asus,2,32,18000,Dual Core,1
Asus,4,1 TB ,44900,i5,4
Asus,4,1 TB ,45950,i3,4
Asus,4,500,34000,i3,4
Asus,4,500,25550,i3,3
Asus,8,1 TB ,66990,i5,7
Asus,2,Intel Integrated HD Graphics,15990,UNKNOWN,UNKNOWN
Asus,4,500,29999,Pentium4,1
Asus,4,500,29055,Dual Core,1
Asus,2,500,20599,UNKNOWN,UNKNOWN
Asus,2,500,34099,UNKNOWN,1
Asus,8,512,79990,i5,8
Asus,4,1TB ,31102,AMD,1
Asus,4,1 TB ,47999,i5,4
Asus,4,1 TB ,25300,i3,4
Asus,2,320,15259,Dual Core,2
Asus,2,500,20500,Dual Core,1
Asus,4,1 TB ,32400,i3,5
Asus,8,1 TB ,54899,i7,4
Asus,4,1 TB ,41300,i5,7
Asus,2,500,21500,Pentium4,2
Asus,8,1 TB ,64999,i7,4
Asus,2,500,21599,Pentium4,1
Asus,2,500,25000,Pentium4,1
Asus,4,1TB ,44409,i3,1
Asus,4,500,56718,i7,1
Asus,4,500,21887,UNKNOWN,4
Asus,4,1 TB ,44250,i5,5
Asus,2,500,22295,Pentium4,1
Asus,2,500,20599,AMD,1
Asus,4,256,46157,i5,1
Asus,4,750,40897,i5,UNKNOWN
Asus,2,500,35000,i3,3
Asus,4,1 TB ,28990,i3,4
Asus,2,500,18930,AMD,1
Asus,4,500,29990,i5,4
Asus,4,1 TB ,40999,i5,4
Asus,8,512,75512,i5,1
Asus,4,500,20300,Dual Core,7
Asus,4,500,22990,AMD,1
Asus,4,500,19930,Dual Core,7
Asus,8,1 TB ,44990,i3,7
Asus,4,256,47165,i5,1
Asus,4,500,17990,AMD,UNKNOWN
Asus,8,512,94900,i7,7
Asus,2,500,19699,Pentium4,4
Asus,8,256,51890,i7,1
Asus,2,Intel HD,19900,UNKNOWN,1
Asus,2,intel HD,19999,Dual Core,6
Asus,8,512,57401,UNKNOWN,1
Asus,2,500,18599,UNKNOWN,UNKNOWN
Asus,8,1 TB ,44999,i5,5
Asus,4,128,57942,i3,1
Asus,8,1TB ,81811,i7,1
Asus,8,1 TB ,49999,i7,3
Asus,8,256,74409,i5,1
Asus,8,1 TB ,45450,i5,UNKNOWN
Asus,8,512,83990,i5,7
Asus,2,500,19499,Dual Core,1
Asus,2,500,19979,Pentium4,4
Asus,8,512,123500,i5,7
Asus,8,256,67638,i5,1
Asus,8,1TB ,36142,i3,1
Asus,8,1TB ,31417,Dual Core,1
Asus,8,256,72999,i5,7
Asus,,,,,1
Asus,4,1 TB ,21990,AMD,UNKNOWN
Asus,4,1TB ,36929,AMD,1
Asus,8,256,69212,i5,1
Asus,8,512,158582,UNKNOWN,1
Chuwi,32,4,,UNKNOWN,1
Chuwi,4,64,19291,UNKNOWN,1
Chuwi,4,64,19598,UNKNOWN,1
Chuwi,6,64,35354,UNKNOWN,1
Dell,4,320,,i5,2
Dell,4,500,29990,Dual Core,1
Dell,8,128  +  1TB ,66457,i5,1
Dell,8,256,53335,i5,1
Dell,8,256,86312,i5,1
Dell,16,512  +  256 ,126611,i7,1
Dell,8,256,112362,i5,1
Dell,2,500,35475,i3,3
Dell,4,500,21646,Dual Core,1
Dell,8,256,129842,i7,1
Dell,32,1TB ,207795,i7,1
Dell,512,80,,Core2 Duo,1
Dell,8,128,70787,i5,1
Dell,16,1 TB ,124990,i7,7
Dell,4,500,27100,i3,5
Dell,6,1 TB ,61999,i5,UNKNOWN
Dell,2,250,,Core2 Duo,1
Dell,2,80,,Core2 Duo,1
Dell,4,1 TB ,45490,i3,7
Dell,256,80,,Core2 Duo,1
Dell,512,40,,Pentium4,1
Dell,512,60,,Core2 Duo,1
Dell,8,128  +  1TB ,89921,i7,1
Dell,4,500,30000,i3,4
Dell,4,1 TB ,40490,i5,4
Dell,4,500,34990,i3,3
Dell,6,1TB ,43228,i5,1
Dell,16,1TB,,i7,1
Dell,4,500,27990,i3,5
Dell,16,256,,i7,1
Dell,8,1TB ,,i7,1
Dell,6,500,67975,i5,4
Dell,4,500,26400,i3,4
Dell,6,500,56000,i5,4
Dell,4,1 TB ,31500,AMD,UNKNOWN
Dell,16,128  +  1TB ,237226,i7,1
Dell,8,512,99370,i7,1
Dell,8,256,59055,i5,1
Dell,16,512,184094,i7,1
Dell,1,40,,Core2 Duo,1
Dell,2,80,,Core2 Duo,1
Dell,2,500,28000,i3,1
Dell,4,320,,i5,1
Dell,4,500,75512,i5,1
Dell,2,80,,Core2 Duo,1
Dell,128,30,,Core2 Duo,1
Dell,1,60,,Core2 Duo,1
Dell,1,80,,Core2 Duo,1
Dell,2,500,23750,Pentium4,1
Dell,2,160,,Core2 Duo,1
Dell,2,80,,Pentium4,1
Dell,8,256,69212,i5,1
Dell,2,500,26900,Dual Core,1
Dell,4,500,41890,i3,5
Dell,4,500,29549,i3,5
Dell,4,500,33899,i3,1
Dell,4,500,,i5,4
Dell,4,500,51490,i5,4
Dell,8,500,67716,i5,1
Dell,2,320,,Core2 Duo,1
Dell,4,320,,i5,1
Dell,4,320,,i5,1
Dell,2,160,,Core2 Duo,1
Dell,2,320,,i5,5
Dell,4,500,,i5,3
Dell,4,500,34450,i3,UNKNOWN
Dell,2,500,22500,Pentium4,2
Dell,2,500,26500,Pentium4,1
Dell,2,500,30500,i3,UNKNOWN
Dell,2,500,30490,i3,2
Dell,8,256,62913,i5,1
Dell,8,1TB ,86535,i7,1
Dell,512,160,,Pentium4,1
Dell,512,160,,Pentium4,1
Dell,8,256,75197,i7,1
Dell,8,1.0TB Hybrid,70787,i7,1
Dell,8,128  +  2TB ,77559,i7,1
Dell,8,1TB ,50314,i5,1
Dell,8,256,108425,i5,1
Dell,8,256,62992,i5,1
Dell,8,1TB ,64488,i7,1
Dell,16,512,149527,i7,1
Dell,8,256,110157,i7,1
Dell,8,256,114803,i7,1
Dell,4,1TB ,51890,i3,1
Dell,8,128,77086,i5,1
Dell,4,1TB ,35354,i3,1
Dell,8,128  +  1TB ,86535,i7,1
Dell,16,512,100708,i7,1
Dell,8,1 TB ,69349,i7,8
Dell,4,500,48890,i5,3
Dell,8,1 TB ,47990,AMD,UNKNOWN
Dell,4,500,23590,AMD,UNKNOWN
Dell,4,500,30000,i3,UNKNOWN
Dell,6,500,68000,i5,4
Dell,2,500,28300,i3,2
Dell,4,500,38000,i3,3
Dell,2,500,28000,AMD,1
Dell,4,500,34259,i5,5
Dell,4,1 TB ,26799,i3,4
Dell,4,500,31999,i3,2
Dell,8,1 TB ,148999,i7,UNKNOWN
Dell,4,500,28970,i3,UNKNOWN
Dell,4,1 TB ,57999,i7,3
Dell,4,500,100000,i5,UNKNOWN
Dell,8,1 TB ,64962,i7,UNKNOWN
Dell,4,500,42490,i5,UNKNOWN
Dell,8,128  +  1TB ,66063,i5,1
Dell,8,1 TB ,47890,AMD,UNKNOWN
Dell,6,750,50000,i7,2
Dell,4,500,41880,i3,4
Dell,4,500,27999,AMD,UNKNOWN
Dell,8,1 TB ,66900,i5,7
Dell,4,500,36900,i5,1
Dell,4,500,33999,i3,4
Dell,8,512,76499,i5,6
Dell,8,1 TB ,110596,i7,6
Dell,8,1 TB ,34499,i3,7
Dell,4,500,46758,i5,3
Dell,8,500,54999,i5,7
Dell,8,1 TB ,36990,i5,7
Dell,4,500,32900,UNKNOWN,UNKNOWN
Dell,8,Intel HD Graphics 5500,101234,i5,5
Dell,4,500,47625,i3,UNKNOWN
Dell,4,500,42299,Dual Core,1
Dell,16,1 TB ,73499,i7,7
Dell,4,1 TB ,38820,i5,4
Dell,2,Intel HD Graphics 520,13263,Dual Core,1
Dell,4,500,40000,i3,UNKNOWN
Dell,4,128,75599,i7,4
Dell,4,500,30000,i5,4
Dell,4,500,41151,i3,UNKNOWN
Dell,4,500,51149,i3,UNKNOWN
Dell,16,2 TB ,79895,i7,7
Dell,4,500,29899,i3,4
Dell,4,500,25000,Pentium4,1
Dell,16,1 TB ,119991,i5,4
Dell,4,500,34878,i3,4
Dell,4,500,37011,i5,UNKNOWN
Dell,4,500,53820,i5,3
Dell,4,500,59000,i3,4
Dell,4,500,32000,i3,4
Dell,4,1 TB ,48500,i5,4
Dell,4,500,26965,Dual Core,5
Dell,8,1 TB ,98990,i7,4
Dell,4,500,37890,i3,UNKNOWN
Dell,4,1 TB ,45850,i5,5
Dell,8,256,67244,i5,1
Dell,8,1 TB ,78900,i7,7
Dell,8,1 TB ,73999,i7,7
Dell,4,32,29528,Dual Core,1
Dell,8,1 TB ,47990,i5,8
Dell,8,128  +  1TB ,91968,i7,1
Dell,4,500,32293,i3,3
Dell,8,256,69349,i7,7
Dell,4,500,19490,Pentium4,4
Dell,8,1 TB ,57999,i5,8
Dell,128,30,,Centrino,1
Dell,2,500,,i3,1
Dell,8,1TB ,94409,i7,1
Dell,8,1TB ,70551,i5,1
Dell,6,1 TB ,28990,AMD,7
Dell,8,256,124330,i7,1
Dell,4,500,35991,i3,4
Dell,8,1 TB ,38990,i5,7
Dell,8,256,72362,i7,1
Dell,8,1 TB ,84999,i7,8
Dell,4,500,45150,i5,3
Dell,4,500,31400,i3,4
Dell,4,1 TB ,46400,i5,UNKNOWN
Dell,8,500,82500,i5,6
Dell,4,500,43990,i3,3
Dell,4,1 TB ,33490,i3,6
Dell,8,2 TB ,59990,i5,8
Dell,4,500,18990,Pentium4,1
Dell,4,1 TB ,28990,i3,6
Dell,2,500,21500,AMD,UNKNOWN
Dell,4,32,25905,UNKNOWN,1
Dell,4,1 TB ,30200,i3,6
Dell,16,2 TB ,65700,i7,UNKNOWN
Dell,8,1TB ,74724,i7,1
Dell,4,500,36929,i3,1
Dell,8,1 TB ,77183,i7,UNKNOWN
Dell,16,512 SSD,,i7,1
Dell,12,1TB ,54645,i5,1
Dell,8,256,142015,i5,1
Dell,512,80,,Core2 Duo,1
Dell,4,500,19990,Dual Core,1
Dell,4,500,47821,i7,5
Dell,8,2 TB ,47999,i5,7
Dell,8,1TB ,36930,i3,1
Dell,4,500,60000,i5,5
Dell,8,256,69800,i5,8
Dell,4,500,39699,i3,3
Dell,4,1 TB ,55968,i3,UNKNOWN
Dell,4,750,71000,i5,UNKNOWN
Dell,8,256,144015,i7,1
Dell,16,512,159639,i7,1
Dell,16,1 TB ,92990,i7,7
Dell,8,1TB ,49527,i3,1
Dell,4,1 TB ,28990,i3,6
Dell,4,500,42999,i3,UNKNOWN
Dell,16,128  +  1TB ,152362,i7,1
Dell,8,256,91236,i5,1
Dell,16,512,141653,i7,1
Dell,8,1TB ,55827,i5,1
Dell,8,256,90157,i7,1
Dell,2,500,,i7,1
Dell,16,256  +  1TB ,220393,i7,1
Dell,2,128,,Core2 Duo,1
Dell,8,256,68426,i7,1
Dell,8,1TB ,47236,i7,1
Dell,16,256  +  1TB ,240551,UNKNOWN,1
Dell,4,500,25984,AMD,1
Dell,4,500,43000,i3,UNKNOWN
Dell,4,32,22520,Dual Core,1
Dell,12,128  +  1TB ,79449,i5,1
Dell,4,1 TB ,42660,i5,4
Dell,4,500,27080,Pentium4,1
Dell,4,500,26380,i5,3
Dell,8,500,59990,i5,5
Dell,12,128  +  1TB ,102283,i7,1
Dell,8,256,102362,UNKNOWN,1
Dell,16,256  +  1TB ,181023,i7,1
Dell,16,256  +  1TB ,102283,i7,1
Dell,16,256  +  1TB ,141653,i7,1
Dell,8,256 SSD +  256 SSD,,i7,1
Dell,8,Intel HD Graphics 5500,129699,i7,5
Dell,4,500,34567,i3,1
Dell,8,256  +  500 ,70157,i5,1
Dell,8,1 TB ,65999,i7,5
Dell,8,256,72677,i5,1
Dell,512,80,,Core2 Duo,1
Dell,1,40,,Pentium4,1
Dell,2,80,,Core2 Duo,1
Dell,1,80,,Core2 Duo,1
Dell,1,80,,Core2 Duo,1
Dell,1,80,,Core2 Duo,1
Dell,4,750,,i5,1
Dell,1,160,,Core2 Duo,1
Dell,2,500,31500,i3,2
Dell,4,256,60551,i3,1
Dell,4,320,,i3,1
Dell,8,1TB ,99921,i7,1
Dell,8,750,86200,i7,3
Dell,8,1 TB ,51999,i7,5
Dell,4,256,54409,i5,1
Dell,4,500,40990,i3,2
Dell,4,500,31999,i5,4
Dell,4,320,,i5,1
Dell,4,256,92692,i7,2
Dell,8,256,107795,i7,1
Dell,16,128  +  1TB ,181023,i7,1
Dell,2,500,33499,i3,2
Dell,4,1 TB ,28500,Core2 Duo,1
Dell,8,1 TB ,161500,i5,5
Dell,2,80,,Core2 Duo,1
Dell,4,1TB ,35882,i3,1
Dell,8,256,94094,i5,1
Dell,4,500,,i3,1
Dell,4,500,,i5,1
Dell,1,80,,Core2 Duo,1
Dell,8,500,107795,i5,1
Dell,2,250,,Core2 Duo,1
Dell,6,1 TB ,70871,i5,3
Dell,8,64  +  1TB ,156929,UNKNOWN,1
Dell,1,80,,Core2 Duo,1
Dell,12,1TB ,78661,i5,1
Dell,16,1TB ,67638,i7,1
Dell,8,1TB ,42516,i5,1
Dell,8,256,114094,i7,1
Dell,512,160,,Pentium4,1
Dell,4,750,,Core2 Duo,1
Dell,2,256,,Core2 Duo,1
Dell,1,30,,Centrino,1
Dell,512,160,,Core2 Duo,1
Dell,2,256,,Core2 Duo,1
Dell,2,160,,Core2 Duo,1
Dell,2,250,,Core2 Duo,1
Dell,2,256,,Core2 Duo,1
Dell,2,80,,Core2 Duo,1
Dell,1,80,,Core2 Duo,1
Dell,512,80,,Pentium4,1
Dell,4,60,,Core2 Duo,1
Dell,1,80,,Core2 Duo,1
Dell,4,30,,Centrino,1
Dell,2,160,,Core2 Duo,1
Dell,1,80,,Core2 Duo,1
Dell,4,320,,i5,1
Dell,4,256,50315,i5,1
Dell,8,128  +  1TB ,77086,i5,1
Dell,4,320,,i5,1
Dell,8,256,100766,i5,1
Dell,4,128,58583,Pentium4,1
Dell,16,256  +  2TB ,96003,i7,1
Dell,8,512,132283,i7,1
Dell,8,128  +  1TB ,77086,i7,1
Dell,8,256  +  2TB ,89953,i7,1
Dell,16,512,188740,i7,1
Dell,8,128  +  1TB ,105433,i7,1
Dell,8,256,61338,i5,1
Dell,8,256,88110,i7,1
Dell,4,256,29055,AMD,1
Dell,8,1TB ,66063,i7,1
Dell,8,1TB ,78661,i5,1
Dell,8,256,128267,i5,1
Dell,4,500,24331,Dual Core,1
Dell,512,160,,Pentium4,1
Dell,8,256,86535,i7,1
Dell,8,256,168110,i7,1
Dell,4,750,,Core2 Duo,1
Dell,16,256,227154,i7,1
Dell,4,500,37716,Pentium4,1
Dell,8,256,60457,i7,1
Dell,4,1TB ,51732,i5,1
Dell,8,1TB ,65827,i5,1
Dell,4,1TB ,32964,i3,1
Dell,8,256,64488,i5,1
Dell,4,1 TB ,38990,i5,UNKNOWN
Dell,2,320,,Core2 Duo,1
Dell,4,500,38000,AMD,UNKNOWN
Dell,4,500,43990,i3,3
Dell,4,500,28090,AMD,UNKNOWN
Dell,4,500,34788,i3,UNKNOWN
Dell,4,500,39500,i3,5
Dell,4,320,,i5,1
Dell,4,500,27690,Dual Core,1
Dell,4,500,41000,i3,UNKNOWN
Dell,2,500,35400,i3,3
Dell,4,1 TB ,52000,i5,5
Dell,3,250,,Core2 Duo,1
Dell,3,250,,Core2 Duo,1
Dell,4,500,23890,Dual Core,1
Dell,1,250,,i5,UNKNOWN
Dell,6,1 TB ,45800,i5,UNKNOWN
Dell,8,1 TB ,116990,i7,4
Dell,6,500,59906,i5,3
Dell,4,1TB,,i5,UNKNOWN
Dell,4,500,48000,i5,UNKNOWN
Dell,4,500,33000,Pentium4,1
Dell,512,80,,Core2 Duo,1
Dell,4,500,,Pentium4,1
Dell,2,500,21989,AMD,UNKNOWN
Dell,1 TB ,"17.3 inches, 1920 x 1080 pixels, Touch Screen",109999,i7,7
Dell,4,500,25450,AMD,1
Dell,4,500,22899,Dual Core,4
Dell,8,750,113990,i7,4
Dell,4,500,70474,Pentium4,1
Dell,4,500,38583,i3,1
Dell,2,500,26599,i3,2
Dell,4,1 TB ,48490,i5,4
Dell,4,256,45039,i3,1
Dell,4,1 TB ,39990,i3,7
Dell,4,1 TB ,44836,i5,6
Dell,16,256  +  2TB ,109921,i7,1
Dell,4,256,58189,i7,1
Dell,8,128  +  1TB ,78661,i5,1
Dell,4,1 TB ,39990,i5,7
Dell,8,256,70000,i5,1
Dell,4,500,41220,i5,5
Dell,4,320,,i5,2
Lenovo,8,500,82590,i7,1
Lenovo,4,500,23999,Pentium4,1
Dell,8,256,62788,i5,1
Dell,512,80,,Pentium4,1
Dell,8,256,68504,i7,1
Dell,6,1TB ,34567,i3,1
Dell,8,128  +  2TB ,76449,i7,1
Dell,4,256,39283,i3,1
Dell,2,500,29999,i3,3
Dell,4,32,29842,UNKNOWN,1
Dell,4,128,84290,i5,4
Dell,4,500,38600,i3,4
Dell,4,500,35600,i3,4
Dell,4,500,32346,i3,1
Dell,4,160,,Core2 Duo,1
Dell ,4,128,,i5,3
Dell ,1,40,,Core2 Duo,1
Dell ,1,80,,Core2 Duo,1
Dell ,1,80,,Pentium4,1
Dell ,1,80,,Core2 Duo,1
Dell ,1,80,,Pentium4,1
Dell ,4,500,,i5,3
Dell ,2,250,,i5,1
Dell ,2,160,,Core2 Duo,1
Dell ,1,40,,Core2 Duo,1
Dell ,4,500,,i7,3
Dell ,2,256,,Core2 Duo,1
Dell ,1,160,,Core2 Duo,1
Dell ,2,160,,Core2 Duo,1
Dell ,8,300,,Core2 Duo,1
Dell ,1,80,,Core2 Duo,1
Dell ,2,200,,Core2 Duo,1
Dell ,8,250,,i7,3
Dell ,8,500,,i7,2
Dell ,2,160,,Core2 Duo,1
Dell ,4,500,,Core2 Duo,1
Fujitsu,4,1 TB ,18990,Pentium4,1
Fujitsu,2,"11.6 inches, 1366 x 768 pixels Screen",8980,UNKNOWN,UNKNOWN
Fujitsu,4,1 TB ,26655,i3,5
Fujitsu,2,32,10999,UNKNOWN,UNKNOWN
Fujitsu,2,Intel Integrated NA,9999,UNKNOWN,8
Fujitsu,Integrated Intel Graphics,"11.6 inches, 1280 x 800 pixels, Touch Screen",11999,UNKNOWN,4
Fujitsu,2,Intel Integrated NA,11990,UNKNOWN,8
Fujitsu,2,500,13499,UNKNOWN,8
Fujitsu,2,32,8970,UNKNOWN,UNKNOWN
Fujitsu,2,32,12828,UNKNOWN,7
Google,8,128,100394,i5,1
Google,16,512,173149,i7,1
Hcl,4,500,25990,i3,3
Hcl,2,320,23990,Pentium4,2
Hcl,4,750,35912,i3,2
Hcl,8,Intel HD Graphics 5300,69900,UNKNOWN,UNKNOWN
Hcl,8,512,109990,UNKNOWN,UNKNOWN
Hcl,8,Intel Iris Graphics,86398,i5,4
Hcl,8,Intel Iris Graphics 6100,95000,i5,UNKNOWN
Hcl,4,256,93951,i5,2
Hcl,2,500,16990,Dual Core,1
Hcl,8,Intel Iris Graphics,103500,i5,4
Hcl,8,Intel Iris Graphics,122000,i5,4
Hcl,16,2  NVIDIA Graphics Ca,159999,i7,4
Hcl,4,Intel HD Graphics 5000,65900,i5,4
Hcl,4,500,41245,i5,2
Hcl,4,64,66806,i5,2
Hcl,8,512,131999,i5,5
Hcl,2,500,25990,i3,3
Hcl,4,500,39990,i5,3
Hcl,4,500,35500,i3,UNKNOWN
Hcl,4,750,33932,i5,2
Hcl,4,500,25490,i3,3
Hcl,4,500,39051,i5,2
Hcl,2,320,26317,i3,2
Hcl,2,500,30990,i3,2
Hp,2,320,,UNKNOWN,1
Hp,2,500,25049,Pentium4,1
Hp,4,1 TB ,34990,i3,UNKNOWN
Hp,8,500,146534,i5,1
Hp,2,160,,i7,1
HP,4,500,,i3,1
Hp,4,500,38302,i3,2
Hp,1,80,,Core2 Duo,1
Hp,2,80,,Core2 Duo,1
Hp,2,80,,Core2 Duo,1
Hp,2,250,,Core2 Duo,1
Hp,4,500,39290,i5,UNKNOWN
Hp,4,500,37150,i3,2
Hp,4,1 TB ,33994,i3,5
Hp,2,500,24520,AMD,1
Hp,2,500,18881,AMD,1
Hp,2,320,,UNKNOWN,1
Hp,#N/A,#N/A,,UNKNOWN,1
Hp,2,320,,UNKNOWN,1
Hp,2,16,20000,UNKNOWN,UNKNOWN
Hp,4,1 TB ,36500,Pentium4,1
Hp,8,256,65900,i5,7
Hp,8,512,79900,i7,7
Hp,2,32,32990,Dual Core,4
Hp,4,1 TB ,52855,i5,5
Hp,4,1 TB ,34900,i3,5
Hp,4,1 TB ,31488,i3,5
Hp,8,512,154244,i5,1
Hp,2,320,22085,AMD,1
Hp,4,1 TB ,24990,i3,6
Hp,8,1 TB ,47000,i5,7
Hp,4,1 TB ,34725,i3,5
Hp,4,1 TB ,29490,i3,6
Hp,4,1 TB ,31900,i3,6
Hp,4,1 TB ,28999,i3,6
Hp,4,500,20499,Dual Core,1
Hp,4,Intel HD Graphics,18990,Dual Core,1
Hp,4,Intel HD Graphics,20000,Dual Core,1
Hp,4,1 TB ,29999,i3,6
Hp,4,500,20499,Dual Core,1
Hp,4,1 TB ,24990,i3,6
Hp,4,1 TB ,38990,i5,8
Hp,4,500,35785,i5,3
Hp,4,500,30591,i3,4
Hp,2,500,30422,i3,4
Hp,2,500,21390,Dual Core,1
Hp,4,1 TB ,37352,i3,4
Hp,4,500,29999,i3,3
Hp,4,500,33000,i3,4
Hp,2,500,34041,i3,3
Hp,8,4  NVIDIA Graphics Ca,84900,i7,UNKNOWN
Hp,4,16,27500,UNKNOWN,UNKNOWN
Hp,4,1 TB ,41000,i5,UNKNOWN
Hp,8,1 TB ,36000,AMD,UNKNOWN
Hp,8,1 TB ,47000,AMD,UNKNOWN
Hp,4,500,40893,i3,3
Hp,8,256,109525,i7,6
Hp,4,320,,i5,1
Hp,8,1 TB ,41391,UNKNOWN,5
Hp,2,500,31990,i3,2
Hp,4,750,59700,i5,4
Hp,4,1 TB ,36000,i3,5
Hp,8,1 TB ,45898,i3,5
Hp,4,500,24999,AMD,UNKNOWN
Hp,4,1 TB ,49803,i5,5
Hp,4,1 TB ,53520,i5,5
Hp,4,500,25000,Dual Core,1
Hp,4,500,23499,Pentium4,1
Hp,4,1 TB ,27999,i3,UNKNOWN
Hp,4,1 TB ,29500,i3,UNKNOWN
Hp,4,500,27989,i3,UNKNOWN
Hp,4,1 TB ,43140,i5,5
Hp,4,500,30999,i3,UNKNOWN
Hp,4,1 TB ,32299,i3,5
Hp,4,1 TB ,55890,i5,UNKNOWN
Hp,2,500,22990,Pentium4,1
Hp,8,1 TB ,54300,UNKNOWN,5
Hp,2,500,25250,Dual Core,1
Hp,4,500,35656,i3,2
Hp,4,1 TB ,47700,i5,5
Hp,4,1 TB ,47500,i5,UNKNOWN
Hp,4,1 TB ,35800,i3,5
Hp,4,500,27750,Dual Core,1
Hp,4,500,27994,i3,4
Hp,4,1 TB ,32000,i3,UNKNOWN
Hp,4,1 TB ,36880,i3,5
Hp,6,128,44795,AMD,1
Hp,6,1TB ,60157,i7,1
Hp,4,1 TB ,36990,i3,5
Hp,4,500,23570,UNKNOWN,UNKNOWN
Hp,8,1 TB ,38500,i3,5
Hp,4,1 TB ,46101,i3,5
Hp,8,1 TB ,29124,i3,5
Hp,4,1 TB ,34949,i3,5
Hp,4,1 TB ,28450,i3,5
Hp,4,1 TB ,42235,i5,5
Hp,4,1 TB ,39699,i5,5
Hp,4,1 TB ,32998,i3,5
Hp,8,1 TB ,53793,i5,UNKNOWN
Hp,4,1 TB ,37000,UNKNOWN,UNKNOWN
Hp,4,500,31999,i3,5
Hp,4,1 TB ,32000,i3,5
Hp,4,500,29300,i3,5
Hp,4,1 TB ,24988,Pentium4,1
Hp,4,500,25990,i3,5
Hp,4,1 TB ,27800,Pentium4,1
Hp,4,1 TB ,30650,i3,5
Hp,4,500,38990,i3,UNKNOWN
Hp,4,500,38000,i5,1
Hp,8,1 TB ,47178,i5,4
Hp,4,750,35438,i3,UNKNOWN
Hp,4,500,23900,Pentium4,1
Hp,4,500,31500,AMD,UNKNOWN
Hp,4,500,34133,AMD,UNKNOWN
Hp,4,500,19999,AMD,1
Hp,4,500,32880,AMD,UNKNOWN
Hp,8,Intel HD Graphics 620,115290,i5,7
Hp,4,500,32999,i3,4
Hp,2,500,29985,i3,3
Hp,4,1 TB ,27728,AMD,UNKNOWN
Hp,4,500,23000,AMD,UNKNOWN
Hp,4,1 TB ,35900,i3,6
Hp,8,1 TB ,72865,i5,6
Hp,8,1 TB ,70700,i5,7
Hp,8,1 TB ,53475,i5,7
Hp,4,1 TB ,49970,i5,7
Hp,16,2 TB ,89990,i7,7
Hp,8,1 TB ,70990,i5,7
Hp,16,1 TB ,99990,i5,7
Hp,4,1 TB ,36000,i3,5
Hp,8,1 TB ,37990,i3,5
Hp,8,1 TB ,46990,i5,6
Hp,4,500,27500,Pentium4,1
Hp,4,1 TB ,28378,i3,5
Hp,8,1 TB ,55990,i7,6
Hp,8,1 TB ,41850,i3,5
Hp,4,1 TB ,38490,i5,6
Hp,4,1 TB ,22460,Pentium4,1
Hp,4,1 TB ,48200,i5,6
Hp,8,1 TB ,43990,i5,6
Hp,8,1 TB ,55205,i5,6
Hp,8,1 TB ,35995,i3,6
Hp,8,1 TB ,34999,i3,6
Hp,4,1 TB ,34990,i3,6
Hp,4,1 TB ,38990,i5,6
Hp,4,500,33500,i3,5
Hp,4,500,23990,Pentium4,1
Hp,4,1 TB ,27999,i3,6
Hp,4,1 TB ,33900,i3,6
Hp,4,1 TB ,32990,i3,6
Hp,4,1 TB ,37275,i3,6
Hp,4,1 TB ,36890,i3,UNKNOWN
Hp,2,1 TB ,29111,AMD,3
Hp,4,1 TB ,33000,AMD,7
Hp,4,AMD Radeon R4,24662,AMD,UNKNOWN
Hp,4,1 TB ,23460,Pentium4,1
Hp,4,1 TB ,28290,i3,5
Hp,4,1 TB ,37215,i3,5
Hp,4,1 TB ,21490,Pentium4,1
Hp,4,1 TB ,28990,i3,6
Hp,4,1 TB ,27990,i3,6
Hp,4,1 TB ,35929,i3,6
Hp,8,1 TB ,31490,i3,6
Hp,4,1 TB ,30990,i3,6
Hp,4,1 TB ,28959,i3,6
Hp,4,1 TB ,28890,i3,6
Hp,2,500,28788,Dual Core,1
Hp,4,1 TB ,27490,AMD,6
Hp,4,500,29999,AMD,UNKNOWN
Hp,4,1 TB ,25440,AMD,UNKNOWN
Hp,4,1 TB ,23990,AMD,UNKNOWN
Hp,4,500,21490,AMD,UNKNOWN
Hp,4,500,22077,AMD,UNKNOWN
Hp,16,512,225039,i7,1
Hp,8,256,99842,i5,1
Hp,8,256,111732,i5,1
Hp,8,1TB ,137716,i7,1
Hp,8,256,54331,i5,1
Hp,,,,,1
Hp,8,1 TB ,38990,i5,8
Hp,4,1 TB ,39700,i5,8
Hp,8,1 TB ,42990,i5,8
Hp,8,2 TB ,41999,i5,8
Hp,4,500,53150,i5,1
Hp,4,1 TB ,40901,i5,7
Hp,4,1 TB ,32390,i3,6
Hp,4,1 TB ,25399,i3,6
Hp,8,1 TB ,29285,i3,6
Hp,4,1 TB ,21394,Pentium4,1
Hp,4,500,20290,Dual Core,1
Hp,8,1 TB ,42950,i5,7
Hp,8,1 TB ,36990,i3,6
Hp,8,1 TB ,36990,i3,6
Hp,8,1 TB ,34990,i3,6
Hp,4,1 TB ,22289,Dual Core,1
Hp,4,2 TB ,27699,i3,6
Hp,4,1 TB ,33300,i3,6
Hp,4,1 TB ,28999,i3,6
Hp,4,1 TB ,32990,i3,6
Hp,4,1 TB ,36300,i3,7
Hp,4,1 TB ,35990,i3,6
Hp,8,1 TB ,32999,i3,6
Hp,8,1 TB ,40400,i3,6
Hp,4,1 TB ,34700,i3,6
Hp,4,1 TB ,29990,i3,6
Hp,8,256,118031,i5,1
Hp,4,500,56850,i5,1
Hp,4,1 TB ,29959,AMD,UNKNOWN
Hp,4,1 TB ,27745,AMD,1
Hp,4,1 TB ,35590,AMD,1
Hp,8,1 TB ,38985,AMD,UNKNOWN
Hp,4,1 TB ,36990,AMD,UNKNOWN
Hp,4,1 TB ,22980,AMD,1
Hp,8,256,73071,i5,1
Hp,4,1 TB ,21660,AMD,7
Hp,4,2 TB ,37990,AMD,UNKNOWN
Hp,4,500,23490,AMD,1
Hp,8,1 TB ,93969,i7,7
Hp,2,500,28000,i3,2
Hp,2,500,24790,Pentium4,1
Hp,4,500,33999,i3,UNKNOWN
Hp,8,1 TB ,58043,i5,UNKNOWN
Hp,2,500,23950,Pentium4,2
Hp,2,500,24000,Pentium4,1
Hp,2,500,23150,Dual Core,1
Hp,4,500,27990,AMD,UNKNOWN
Hp,2,320,23261,AMD,1
Hp,4,1 TB ,36392,AMD,UNKNOWN
Hp,4,1 TB ,30000,AMD,UNKNOWN
Hp,4,500,25600,AMD,UNKNOWN
Hp,4,500,51927,i3,2
Hp,4,500,29999,AMD,UNKNOWN
Hp,4,500,28500,AMD,UNKNOWN
Hp,4,500,22191,AMD,UNKNOWN
Hp,4,500,24800,AMD,1
Hp,8,1 TB ,69361,i7,7
Hp,8,1 TB ,52470,i5,7
Hp,8,1 TB ,53750,i5,8
Hp,8,1 TB ,60990,i5,6
Hp,4,1 TB ,50990,i5,UNKNOWN
Hp,4,500,27000,Pentium4,2
Hp,4,1 TB ,43630,i5,4
Hp,8,1 TB ,62000,i7,UNKNOWN
Hp,4,1 TB ,25999,i3,6
Hp,4,1 TB ,19990,Pentium4,1
Hp,4,1 TB ,32890,i3,6
Hp,4,1 TB ,39999,i5,7
Hp,4,1 TB ,24990,i3,6
Hp,4,1 TB ,28999,i3,6
Hp,4,1 TB ,23490,AMD,1
Hp,4,500,20990,AMD,1
Hp,4,1 TB ,20990,AMD,UNKNOWN
Hp,4,500,22994,i3,4
Hp,4,500,39594,i5,4
Hp,4,500,21400,Dual Core,1
Hp,4,500,24990,i3,UNKNOWN
Hp,8,1 TB ,35990,i3,4
Hp,2,500,24750,Pentium4,2
Hp,4,500,47999,i3,5
Hp,2,500,27450,i3,UNKNOWN
Hp,8,1 TB ,54990,i5,6
Hp,4,1 TB ,37827,i3,4
Hp,8,1 TB ,41900,i5,4
Hp,4,500,27384,i3,4
Hp,6,640,45508,i5,2
Hp,4,500,26299,Pentium4,1
Hp,8,1 TB ,31500,i3,4
Hp,4,500,32021,i3,4
Hp,2,500,25599,Dual Core,1
Hp,2,500,25990,Pentium4,2
Hp,4,1 TB ,30999,i3,4
Hp,4,1 TB ,26499,Pentium4,1
Hp,4,500,26200,Pentium4,4
Hp,4,500,31200,i3,4
Hp,4,500,24500,Pentium4,4
Hp,4,500,40000,i3,3
Hp,4,1 TB ,41650,i5,5
Hp,4,1 TB ,36779,i5,5
Hp,4,1 TB ,22994,i5,5
Hp,4,1 TB ,40750,i3,4
Hp,4,500,36797,i3,5
Hp,8,1 TB ,45990,i5,5
Hp,4,1 TB ,34025,i3,4
Hp,4,128,48990,i5,2
Hp,4,500,36819,i3,UNKNOWN
Hp,4,500,35999,i3,UNKNOWN
Hp,4,1 TB ,27480,i3,4
Hp,4,500,38500,Pentium4,4
Hp,4,500,37352,i3,5
Hp,8,1 TB ,47990,i5,5
Hp,4,500,34500,i3,UNKNOWN
Hp,4,1 TB ,33990,i3,UNKNOWN
Hp,4,500,27480,i3,1
Hp,8,256,110156,i5,1
Hp,8,256,45276,i5,1
Hp,4,500,28994,i3,2
Hp,2,500,24988,Dual Core,1
Hp,2,500,48000,i5,3
Hp,4,500,34864,i3,3
Hp,2,500,28940,i3,3
Hp,4,500,34990,i5,4
Hp,4,1 TB ,35999,i3,4
Hp,2,500,29440,i3,2
Hp,2,500,30150,i3,2
Hp,2,500,22880,Dual Core,2
Hp,4,500,43999,i5,4
Hp,4,500,25343,Pentium4,2
Hp,2,500,28470,i3,2
Hp,4,500,31553,i3,2
Hp,2,500,29700,i3,3
Hp,2,500,29000,Pentium4,2
Hp,2,500,31369,i3,2
Hp,1,160,,UNKNOWN,1
Hp,4,500,36990,i3,4
Hp,4,500,169899,i3,3
Hp,4,500,35999,i3,3
Hp,4,500,42299,i5,3
Hp,4,500,35490,i5,4
Hp,8,1 TB ,48746,i5,4
Hp,4,500,24990,Pentium4,1
Hp,2,750,39000,i5,3
Hp,4,500,26999,Pentium4,1
Hp,4,1 TB ,42688,i3,UNKNOWN
Hp,4,500,35000,i3,UNKNOWN
Hp,4,1 TB ,25990,i3,6
Hp,4,500,40000,i5,6
Hp,4,1 TB ,43661,i3,UNKNOWN
Hp,4,500,38490,i3,3
Hp,1 TB ,2  NVIDIA Graphics Ca,56668,i5,7
Hp,4,1 TB ,40500,i5,4
Hp,2,750,51606,i5,3
Hp,2,500,20800,AMD,UNKNOWN
Hp,4,500,27874,AMD,UNKNOWN
Hp,4,500,18499,AMD,UNKNOWN
Hp,4,500,20620,AMD,1
Hp,4,1 TB ,49899,i5,UNKNOWN
Hp,4,500,28490,i3,3
Hp,4,500,35438,i3,3
Hp,4,500,28850,i3,4
Hp,4,500,34068,i3,5
Hp,4,1 TB ,39999,i5,5
Hp,4,500,18999,UNKNOWN,UNKNOWN
Hp,4,1 TB ,29990,i3,6
Hp,4,1 TB ,36499,i5,7
Hp,4,500,31999,i3,4
Hp,4,1 TB ,33152,i3,5
Hp,3,250,,Core2 Duo,1
Hp,4,500,78077,i7,UNKNOWN
Hp,4,500,,Core2 Duo,1
Hp,4,1 TB ,28900,i3,3
Hp,8,1 TB ,70000,i7,6
Hp,4,500,35250,i3,UNKNOWN
Hp,4,500,58990,i5,4
Hp,4,500,36549,i5,3
Hp,4,500,32490,i3,4
Hp,4,500,43990,i3,UNKNOWN
Hp,4,500,36680,i5,4
Hp,4,500,35139,i3,2
Hp,2,750,25990,i5,3
Hp,4,500,36040,i3,UNKNOWN
Hp,8,1 TB ,59500,i5,UNKNOWN
Hp,4,500,35729,i3,2
Hp,4,750,39599,i3,3
Hp,2,500,35500,AMD,1
Hp,4,500,42000,i3,3
Hp,2,640,35500,i3,3
Hp,2,750,42000,i5,3
Hp,2,500,21900,Dual Core,2
Hp,4,500,39999,i3,4
Hp,4,500,33970,i3,3
Hp,4,500,52500,i5,3
Hp,4,750,45250,i5,3
Hp,4,500,36000,i3,3
Hp,2,500,34599,i3,3
Hp,4,250,,i3,1
Hp,256,40,,Pentium4,1
Hp,2,500,31500,i3,2
Hp,4,500,39500,i3,UNKNOWN
Hp,2,250,,Core2 Duo,1
HP,1,160,,Core2 Duo,1
Hp,4,500,47999,i5,3
Hp,4,500,49990,i5,3
Hp,2,80,,Core2 Duo,1
Hp,4,500,50489,i5,3
Hp,4,1 TB ,44700,i3,6
Hp,2,320,,Core2 Duo,1
Hp,2,320,,Core2 Duo,1
Hp,12,1TB ,133779,i7,1
Hp,4,128,57165,i5,1
Hp,8,1TB ,71023,i7,1
Hp,4,1 TB ,44900,i5,6
Hp,6,1TB ,62913,i7,1
Hp,12,256  +  1TB ,157401,i7,1
Hp,4,256,55039,i5,1
Hp,8,256,117716,i7,1
Hp,8,256,110157,i7,1
Hp,4,256,60629,i3,1
Hp,4,320,,i5,3
Hp,4,500,29990,i3,UNKNOWN
Hp,4,500,47999,i3,UNKNOWN
Hp,4,500,34766,AMD,UNKNOWN
Hp,4,500,31455,i3,4
Hp,4,500,33740,i3,4
Hp,4,500,29691,i5,UNKNOWN
Hp,4,1 TB ,52000,i5,4
Hp,4,500,39490,i3,UNKNOWN
Hp,4,500,26630,i3,4
Hp,4,1 TB ,48550,i5,UNKNOWN
Hp,4,500,22960,Pentium4,1
Hp,4,1 TB ,30990,i3,4
Hp,4,1 TB ,33000,i3,4
Hp,4,1 TB ,39490,i5,4
Hp,4,1 TB ,31999,i5,4
Hp,8,1 TB ,50990,UNKNOWN,5
Hp,4,500,,Core2 Duo,1
Hp,2,500,29990,i3,2
Hp,2,320,,Core2 Duo,1
Hp,4,320,,i5,3
Hp,3,250,,Core2 Duo,1
Hp,8,320,,i7,4
Hp,2,80,,Core2 Duo,1
Hp,2,160,,Pentium4,1
Hp,2,80,,Pentium4,1
Hp,2,160,,Core2 Duo,1
Hp,1,40,,Pentium4,1
Hp,4,80,,Core2 Duo,1
Hp,4,160,,Core2 Duo,1
Hp,1,80,,Pentium4,1
Hp,1,80,,Core2 Duo,1
Hp,1,160,,Pentium4,1
HP,1,256,,Core2 Duo,1
Hp,1,60,,Core2 Duo,1
HP,2,160,,Pentium4,1
Hp,2,500,24099,Pentium4,1
Hp,4,320,74200,i5,2
Hp,4,128,44990,UNKNOWN,6
Hp,4,750,68000,i5,3
Hp,4,1 TB ,37400,i3,5
Hp,4,500,81000,i5,5
Hp,4,256,99340,i5,6
Hp,8,256,80924,i5,1
Hp,8,256,93410,i5,6
Hp,8,Intel HD Graphics 520,101652,i7,6
Hp,4,"13.3 inches, 1920 x 1080 pixels Screen",57494,i5,6
Hp,8,128,35110,AMD,1
Hp,8,256,73071,i5,1
Hp,4,32,18031,Dual Core,1
Hp,8,256  +  1TB ,102283,AMD,1
Hp,4,128,42990,i3,7
Hp,8,256,54990,i5,8
Hp,8,256,69990,i5,8
Hp,8,256,76990,i7,8
Hp,8,256,79990,i7,8
Hp,12,1 TB ,74000,i5,5
Hp,12,1 TB ,90190,i7,5
Hp,16,2 TB ,89990,i7,UNKNOWN
Hp,16,2 TB ,91000,i7,UNKNOWN
Hp,8,1 TB ,71996,i7,4
Hp,8,1 TB ,61746,i5,4
Hp,8,1 TB ,41500,i5,UNKNOWN
Hp,8,1 TB ,74990,i7,UNKNOWN
Hp,8,1 TB ,76899,i7,UNKNOWN
Hp,4,500,38589,i5,3
Hp,8,1 TB ,66666,i7,4
Hp,8,1 TB ,80600,i7,4
Hp,8,1 TB ,53000,i5,4
Hp,8,1 TB ,80000,i5,UNKNOWN
Hp,8,1 TB ,73990,i7,4
Hp,4,1 TB ,40999,i5,4
Hp,8,1 TB ,77800,i7,5
Hp,8,1 TB ,87590,i7,5
Hp,8,2 TB ,99900,i7,UNKNOWN
Hp,16,2 TB ,112222,i7,UNKNOWN
Hp,4,500,31900,i3,UNKNOWN
Hp,4,500,61233,i5,3
Hp,4,500,50499,i5,3
Hp,4,500,39500,i3,3
Hp,4,500,57608,i5,3
Hp,4,500,62307,i5,3
Hp,4,500,55943,i5,3
Hp,4,500,61699,i5,3
Hp,4,500,43201,i3,3
Hp,4,1 TB ,42000,i3,UNKNOWN
Hp,4,500,37808,i3,2
Hp,4,500,52000,i5,3
Hp,8,1 TB ,81935,i7,4
Hp,4,500,33200,i3,3
Hp,8,1 TB ,59604,i5,4
Hp,8,1 TB ,120000,i7,UNKNOWN
Hp,4,640,39999,i3,UNKNOWN
Hp,8,1 TB ,60397,i5,3
Hp,8,1 TB ,58290,i5,3
Hp,8,1 TB ,71699,i7,3
Hp,8,1 TB ,65043,i7,3
Hp,4,128,63990,i5,3
Hp,4,1 TB ,62272,i5,4
Hp,4,1 TB ,67275,i5,4
Hp,8,1 TB ,70120,i5,4
Hp,8,1 TB ,58990,i5,UNKNOWN
Hp,8,1 TB ,77673,i7,4
Hp,8,1 TB ,88000,i7,UNKNOWN
Hp,4,1 TB ,38244,AMD,UNKNOWN
Hp,4,500,24990,Pentium4,1
Hp,4,500,57290,i5,3
Hp,2,64,53000,Dual Core,2
Hp,8,512,147480,i7,1
Hp,4,256,85197,i5,1
Hp,2,500,100000,i3,UNKNOWN
Hp,4,500,34567,AMD,1
Hp,4,1TB ,38479,i5,1
Hp,8,256,69212,i5,1
Hp,4,500,34542,i3,1
Hp,8,1TB ,71968,i5,1
Hp,2,500,19058,AMD,1
Hp,2,500,50000,AMD,1
Hp,8,256,47164,i5,1
Hp,8,512,150236,UNKNOWN,1
Hp,12,1TB ,141653,i7,1
Hp,4,256,31416,Pentium4,1
Hp,8,256,101732,i7,1
Hp,8,256,48739,i5,1
Hp,8,256,118110,i7,1
Hp,6,2TB ,55039,i5,1
Hp,8,512,104173,i7,1
Hp,8,256,70000,i5,1
Hp,8,512,157401,i7,1
Hp,4,500,40000,i5,3
Hp,8,1 TB ,43900,i5,6
Hp,4,500,23890,Dual Core,1
Hp,4,1 TB ,18990,AMD,1
Hp,8,1 TB ,30190,i3,6
Hp,4,1 TB ,25990,i3,6
Hp,4,1 TB ,19990,Pentium4,1
Hp,4,1 TB ,41990,i3,6
Hp,8,1 TB ,44990,i5,7
Hp,4,1 TB ,28990,i3,6
Hp,4,500,17990,AMD,1
Hp,4,500,,i3,1
Hp,2,320,16800,Dual Core,2
Hp,1,80,,Core2 Duo,1
Hp,2,320,,UNKNOWN,1
Hp,8,256,136871,i7,1
Hp,1,160,,UNKNOWN,1
Hp,4,1 TB ,125000,i7,6
Hp,8,1 TB ,92500,i7,6
Hp,16,1 TB ,106990,i7,7
Hp,8,1 TB ,99990,i7,7
Hp,8,1 TB ,74290,i5,7
Hp,8,1 TB ,87950,i5,7
Hp,16,1 TB ,100107,i7,7
Hp,8,1 TB ,112377,i5,7
Hp,16,1 TB ,148990,i7,7
Hp,16,1 TB ,101649,i7,7
Hp,16,1 TB ,177309,i7,7
Hp,16,1 TB ,175196,i7,7
Hp,8,128  +  1TB ,93779,i7,1
Hp,16,1 TB ,99990,i7,7
Hp,16,1 TB ,129990,i7,7
Hp,12,128  +  1TB ,98346,i7,1
Hp,1,80,,Core2 Duo,1
Hp,2,320,49599,i5,3
Hp,4,1 TB ,35990,AMD,UNKNOWN
Hp,4,Intel HD Graphics 4200,50990,i5,UNKNOWN
Hp,4,1 TB ,54703,Dual Core,6
Hp,4,500,35518,Pentium4,1
Hp,4,500,32000,Pentium4,4
Hp,4,500,43249,Dual Core,5
Hp,2,500,21312,Dual Core,1
Hp,2,500,16090,Dual Core,1
Hp,4,1 TB ,43000,i3,7
Hp,2,500,36990,i3,3
Hp,6,750,60500,i5,3
Hp,4,1 TB ,42830,UNKNOWN,UNKNOWN
Hp,4,1 TB ,42000,i5,5
Hp,4,1 TB ,59990,i5,6
Hp,4,1 TB ,49999,i3,7
Hp,4,1 TB ,69582,i5,7
Hp,8,256,72990,i7,7
Hp,12,1 TB ,69999,i7,6
Hp,4,1 TB ,41990,i5,5
Hp,4,1 TB ,42999,i5,6
Hp,12,1 TB ,87826,i7,7
Hp,4,1 TB ,28250,i3,4
Hp,4,500,42191,i3,3
Hp,2,500,22625,AMD,1
Hp,8,1 TB ,70971,i5,5
Hp,4,500,31999,i3,5
Hp,4,1 TB ,37490,i3,UNKNOWN
Hp,4,640,41990,i3,3
Hp,4,1 TB ,49599,i3,7
Hp,8,1 TB ,61875,i5,8
Hp,8,1 TB ,78000,i7,8
Hp,4,500,41980,i5,3
Hp,4,500,49000,i5,4
Hp,2,500,37940,i3,UNKNOWN
Hp,4,1 TB ,50471,i5,UNKNOWN
Hp,4,1 TB ,36800,UNKNOWN,5
Hp,4,750,31000,i3,3
Hp,8,1 TB ,70300,i5,5
Hp,4,1 TB ,41999,i3,5
Hp,4,1 TB ,42000,i3,UNKNOWN
Hp,8,1 TB ,50000,i5,5
Hp,4,1 TB ,49500,i5,UNKNOWN
Hp,8,1 TB ,50000,i5,UNKNOWN
Hp,8,1 TB ,62990,i7,5
Hp,8,1 TB ,67399,i7,UNKNOWN
Hp,8,1 TB ,50388,AMD,UNKNOWN
Hp,8,1 TB ,73922,i7,6
Hp,8,1 TB ,85000,i7,6
Hp,8,1 TB ,52500,i5,5
Hp,8,1 TB ,67800,i5,5
Hp,2,500,29990,Pentium4,2
Hp,2,500,29363,i3,2
Hp,8,1 TB ,59000,i5,6
Hp,4,1 TB ,37500,UNKNOWN,5
Hp,8,1 TB ,55197,i5,6
Hp,8,1 TB ,71706,i7,6
Hp,4,500,46454,i5,3
Hp,16,2 TB ,84999,i7,6
Hp,4,1 TB ,72500,i7,6
Hp,8,1 TB ,56900,i5,7
Hp,16,2 TB ,82990,i7,7
Hp,8,1 TB ,56490,i5,7
Hp,16,2 TB ,70890,i5,7
Hp,8,1 TB ,62990,i7,7
Hp,8,1TB ,100787,i7,1
Hp,8,1 TB ,35999,i3,5
Hp,4,750,45500,i5,3
Hp,4,500,35685,i3,UNKNOWN
Hp,8,1 TB ,63000,UNKNOWN,5
Hp,8,1 TB ,59990,i7,4
Hp,8,1 TB ,69990,i5,7
Hp,4,500,46490,i5,3
Hp,4,1 TB ,21500,AMD,7
Hp,16,256  +  1TB ,118425,i7,1
Hp,8,1 TB ,77999,i7,8
Hp,8,1 TB ,88000,i7,7
Hp,8,1 TB ,80990,i5,7
Hp,8,1 TB ,60999,i5,7
Hp,8,1 TB ,73290,i5,7
Hp,8,1 TB ,79048,i7,8
Hp,8,1 TB ,64268,i5,8
Hp,8,1 TB ,57000,i5,8
Hp,8,1 TB ,58490,i5,8
Hp,8,2 TB ,63199,i5,8
Hp,8,2 TB ,70999,i7,8
Hp,4,500,34490,i3,3
Hp,8,1 TB ,42312,AMD,UNKNOWN
Hp,8,1 TB ,33650,AMD,UNKNOWN
Hp,4,500,36411,i5,3
Hp,4,500,37000,i3,3
Hp,4,500,41404,i5,3
Hp,4,500,56721,i5,UNKNOWN
Hp,4,1 TB ,47000,i5,3
Hp,4,1 TB ,46480,i5,3
Hp,8,1 TB ,30334,AMD,UNKNOWN
Hp,4,500,36271,i3,3
Hp,2,500,29744,i3,3
Hp,2,500,23803,AMD,1
Hp,4,500,43900,i3,4
Hp,4,1 TB ,30800,AMD,UNKNOWN
Hp,8,1 TB ,39280,AMD,UNKNOWN
Hp,4,500,40450,i5,3
Hp,2,500,35100,i3,3
Hp,4,1 TB ,47599,i5,3
Hp,2,500,21499,AMD,1
Hp,4,500,67460,i5,UNKNOWN
Hp,4,1 TB ,65900,i5,4
Hp,4,500,41999,i5,4
Hp,4,500,23940,AMD,UNKNOWN
Hp,8,1 TB ,42850,AMD,UNKNOWN
Hp,2,500,32016,i3,2
Hp,4,500,32763,i3,UNKNOWN
Hp,4,500,39090,i3,3
Hp,4,1 TB ,30422,i3,5
Hp,4,1 TB ,47500,i5,UNKNOWN
Hp,2,500,24999,i3,UNKNOWN
Hp,4,1 TB ,33999,i3,3
Hp,4,1 TB ,25062,AMD,UNKNOWN
Hp,2,500,34890,i3,UNKNOWN
Hp,4,Intel HD Graphics,34999,Pentium4,1
Hp,8,1 TB ,32300,AMD,UNKNOWN
Hp,4,500,35900,i3,UNKNOWN
Hp,4,500,41546,i5,3
Hp,4,500,37000,i3,3
Hp,4,500,41988,i3,3
Hp,4,500,25994,AMD,UNKNOWN
Hp,4,1 TB ,50999,i5,6
Hp,4,1 TB ,43198,i3,4
Hp,4,1 TB ,44900,i5,UNKNOWN
Hp,4,500,34500,i3,UNKNOWN
Hp,4,500,33322,i3,4
Hp,4,500,45000,i3,5
Hp,4,500,32149,i3,UNKNOWN
Hp,4,500,35250,i3,3
Hp,4,500,33990,i3,UNKNOWN
Hp,4,500,63999,i5,4
Hp,4,500,38990,i3,UNKNOWN
Hp,4,750,38490,i3,3
Hp,4,1 TB ,48350,i5,5
Hp,4,1 TB ,42310,i3,UNKNOWN
Hp,2,500,29050,Pentium4,1
Hp,4,1 TB ,48900,i5,UNKNOWN
Hp,4,500,32490,i3,2
Hp,8,1 TB ,54000,i5,4
Hp,4,1 TB ,59990,i5,4
Hp,4,1 TB ,43874,i3,5
Hp,4,1 TB ,33610,i3,5
Hp,4,500,32000,i3,3
Hp,4,1 TB ,32994,i3,5
Hp,4,1 TB ,47449,i5,UNKNOWN
Hp,8,1 TB ,57990,i5,5
Hp,8,1 TB ,51998,i5,UNKNOWN
Hp,8,1 TB ,53090,i5,5
Hp,8,1 TB ,45994,i7,5
Hp,8,1 TB ,61900,i7,5
Hp,8,1 TB ,42994,i7,5
Hp,8,1 TB ,58000,i5,5
Hp,4,1 TB ,51291,i5,UNKNOWN
Hp,4,500,38999,i3,UNKNOWN
Hp,4,500,31750,i3,4
Hp,4,500,34990,i3,3
Hp,4,500,53280,i3,UNKNOWN
Hp,4,500,38500,i3,UNKNOWN
Hp,4,500,34999,i3,5
Hp,4,1 TB ,37890,i5,4
Hp,6,640,56187,i5,2
Hp,4,500,26630,i3,UNKNOWN
Hp,4,640,48890,i7,1
Hp,8,1 TB ,81000,i7,3
Hp,4,500,25990,AMD,1
Hp,4,500,31450,AMD,UNKNOWN
Hp,4,500,34990,i3,UNKNOWN
Hp,4,500,33999,AMD,UNKNOWN
Hp,4,500,42671,i5,2
Hp,4,500,35290,i3,3
Hp,4,1 TB ,32994,i3,UNKNOWN
Hp,8,1 TB ,78432,i5,4
Hp,4,500,40502,i5,3
Hp,4,500,32499,i3,UNKNOWN
Hp,4,500,29889,i3,4
Hp,2,500,25800,AMD,1
Hp,4,500,30166,i3,2
Hp,4,500,43268,i5,3
Hp,4,500,36990,i3,2
Hp,4,500,47919,i3,UNKNOWN
Hp,4,500,35352,i3,3
Hp,4,500,32841,i3,UNKNOWN
Hp,4,1 TB ,35000,i3,UNKNOWN
Hp,4,500,58514,i5,4
Hp,8,500,39000,i3,4
Hp,4,500,35890,i3,3
Hp,4,500,35900,i3,3
Hp,8,1 TB ,58300,i7,3
Hp,8,1 TB ,49446,i5,3
Hp,4,500,32199,AMD,UNKNOWN
Hp,4,500,29732,AMD,1
Hp,4,500,53301,i5,3
Hp,8,1 TB ,45802,i5,3
Hp,8,1 TB ,43700,i3,5
Hp,4,1 TB ,39821,AMD,UNKNOWN
Hp,6,1 TB ,150000,AMD,UNKNOWN
Hp,4,1 TB ,38425,i5,3
Hp,6,750,51990,i5,3
Hp,6,750,55612,i5,3
Hp,4,Intel Hd Graphics 4400,33000,i3,5
Hp,2,500,32552,i3,3
Hp,4,500,45990,i5,3
Hp,4,1 TB ,68628,i5,6
Hp,4,1 TB ,44960,i3,6
Hp,2,500,26120,AMD,1
Hp,4,500,27840,AMD,1
Hp,2,500,34761,i3,3
Hp,4,500,39490,i5,UNKNOWN
Hp,2,500,27000,i3,UNKNOWN
Hp,4,500,34390,i3,2
Hp,2,500,32799,i3,3
Hp,4,500,32841,i3,UNKNOWN
Hp,8,1 TB ,68034,i7,UNKNOWN
Hp,2,64,23389,UNKNOWN,UNKNOWN
Hp,4,128,38189,Pentium4,1
Hp,4,1 TB ,44062,i3,7
Hp,4,1 TB ,38990,i3,7
Hp,4,500,33419,Pentium4,1
Hp,8,1 TB ,56999,i5,7
Hp,8,1 TB ,72990,i5,7
Hp,4,1 TB ,51000,i3,7
Hp,4,1 TB ,45900,i3,7
Hp,8,1 TB ,82740,i7,7
Hp,8,1 TB ,64790,i5,8
Hp,4,1 TB ,52911,i3,7
Hp,8,1 TB ,54999,i5,6
Hp,4,1 TB ,44790,i5,7
Hp,8,128,46378,i5,1
Hp,16,256  +  1TB ,108582,i7,1
Hp,2,320,23390,Dual Core,2
Hp,2,500,22965,AMD,1
Hp,4,500,39739,i3,UNKNOWN
Hp,4,1 TB ,36990,i3,5
Hp,8,1TB ,62520,i5,1
Hp,8,256,119571,i5,1
Hp,4,500,37000,i3,4
Hp,4,1 TB ,73430,i7,5
Hp,4,1 TB ,68562,i5,6
Hp,4,128,32441,i3,1
Hp,4,500,44500,i3,5
Hp,3,320,42000,i3,UNKNOWN
Hp,4,320,,i5,1
Hp,4,500,,Pentium4,1
Hp,4,1 TB ,38990,i3,5
Hp,4,500,43200,i5,UNKNOWN
Hp,4,500,31496,AMD,1
Hp,2,500,54000,i3,2
Hp,4,500,41890,i3,3
Hp,4,500,39990,i3,4
Hp,4,500,24000,i3,3
Hp,4,500,34160,Pentium4,2
Hp,4,500,35433,i3,1
Hp,4,500,94409,i5,1
Hp,4,500,38500,i3,UNKNOWN
Hp,4,1 TB ,69730,i5,7
Hp,4,500,56650,i5,3
Hp,4,500,43790,i5,UNKNOWN
Hp,4,500,31999,i3,4
Hp,4,Intel Hd Graphics 4400,34081,i3,5
Hp,4,1 TB ,44750,i5,4
Hp,4,500,58500,i5,UNKNOWN
Hp,2,500,46480,i7,2
Hp,4,640,37999,i3,3
Hp,4,500,34780,i3,UNKNOWN
Hp,8,2TB ,30630,Pentium4,1
Hp,4,500,56699,i5,3
Hp,8,Intel HD Graphics 5500,134900,i7,UNKNOWN
Hp,8,128  +  1TB ,86535,i7,1
Hp,8,512,113999,i7,7
Hp,8,256,109790,i5,7
Hp,8,1 TB ,36990,i3,5
Hp,16,512,169280,i7,7
Hp,8,360,115000,i5,8
Hp,16,512,156990,i7,8
Hp,4,500,70276,i5,3
Hp,4,500,66871,i3,3
Hp,2,32,18000,Dual Core,1
Hp,4,500,23994,i3,5
Hp,8,256,115921,i5,1
Hp,8,256,137716,i5,1
Hp,4,1TB ,53936,i5,1
Hp,8,128  +  1TB ,91260,i7,1
Hp,2,320,,Core2 Duo,1
Hp,2,320,,UNKNOWN,1
Hp ,8,500,,i5,3
HP ,2,60,,Core2 Duo,1
Huawei,8,256,106220,i5,1
Ibm,512,60,,Pentium4,1
Ibm,1,20,,Pentium4,1
Ibm,512,60,,Pentium4,1
Ibm,512,40,,Pentium4,1
Ibm,1,20,,Pentium4,1
Lenovo,4,320,,i5,4
Lenovo,12,2TB ,70787,AMD,1
Lenovo,4,500,23543,Dual Core,1
Lenovo,8,1TB ,40866,AMD,1
Lenovo,4,1TB ,32669,i3,1
Lenovo,8,256,67638,i7,1
Lenovo,8,2TB ,36142,i3,1
Lenovo,8,128,46378,i3,1
Lenovo,16,512,192834,i7,1
Lenovo,4,128,29055,i3,1
Lenovo,8,256,74724,i5,1
Lenovo,16,512,141575,i7,1
Lenovo,16,256  +  2TB ,88897,i7,1
Lenovo,6,1TB ,51102,i5,1
Lenovo,8,256,87875,i5,1
Lenovo,8,512,133779,i7,1
Lenovo,2,500,25500,Pentium4,1
Lenovo,4,500,29990,Pentium4,6
Lenovo,4,500,31090,UNKNOWN,4
Lenovo,4,500,32500,Pentium4,1
Lenovo,4,500,36231,Pentium4,1
Lenovo,4,500,32100,Pentium4,1
Lenovo,4,320,,i5,1
Lenovo,8,256,84960,i7,1
Lenovo,4,500,36990,i5,4
Lenovo,500,Intel HD Graphics,28500,Dual Core,4
Lenovo,4,500,28000,AMD,1
Lenovo,2,500,24989,Pentium4,4
Lenovo,4,500,29990,i3,4
Lenovo,4,500,28990,i3,4
Lenovo,4,500,21999,UNKNOWN,4
Lenovo,4,1 TB ,34590,i3,4
Lenovo,4,500,,i3,1
Lenovo,2,500,30900,i3,3
Lenovo,2,500,32999,Pentium4,1
Lenovo,8,1 TB ,52490,i5,4
Lenovo,4,1 TB ,30690,i3,5
Lenovo,2,500,29000,UNKNOWN,4
Lenovo,8,512,136141,i7,1
Lenovo,4,500,37550,i5,UNKNOWN
Lenovo,8,256,164567,i7,1
Lenovo,8,512,151575,i7,1
Lenovo,4,750,,i5,1
Lenovo,4,500,42490,i5,UNKNOWN
Lenovo,4,500,23990,Pentium4,6
Lenovo,4,500,25490,Pentium4,6
Lenovo,2,500,24499,Pentium4,2
Lenovo,2,500,25499,Pentium4,1
Lenovo,2,500,28875,AMD,1
Lenovo,4,500,39990,i5,UNKNOWN
Lenovo,2,500,29000,i3,3
Lenovo,2,1 TB ,35000,i3,UNKNOWN
Lenovo,8,1 TB ,56000,i5,3
Lenovo,2,500,20990,AMD,UNKNOWN
Lenovo,8,1 TB ,38400,AMD,UNKNOWN
Lenovo,4,1 TB ,39499,i5,5
Lenovo,4,500,34336,i3,UNKNOWN
Lenovo,2,500,29817,i5,1
Lenovo,3,500,28990,AMD,UNKNOWN
Lenovo,2,500,30342,i3,2
Lenovo,2,500,22900,Pentium4,2
Lenovo,4,500,25399,AMD,1
Lenovo,8,256,49527,i5,1
Lenovo,2,500,23790,Dual Core,1
Lenovo,2,500,22790,Dual Core,1
Lenovo,4,500,48293,i5,UNKNOWN
Lenovo,4,500,44990,i3,UNKNOWN
Lenovo,4,500,34999,AMD,UNKNOWN
Lenovo,4,500,42000,i3,4
Lenovo,8,256,47008,i5,1
Lenovo,4,1TB ,62913,i7,1
Lenovo,4,128,38504,AMD,1
Lenovo,4,1TB ,36772,i5,1
Lenovo,8,256,58189,i5,1
Lenovo,4,500,38990,i3,4
Lenovo,4,500,30900,Dual Core,1
Lenovo,2,500,20090,Dual Core,1
Lenovo,2,500,20990,AMD,1
Lenovo,2,500,19598,AMD,UNKNOWN
Lenovo,2,500,23350,AMD,1
Lenovo,4,500,22990,i3,4
Lenovo,8,1 TB ,41399,i3,UNKNOWN
Lenovo,4,1 TB ,31990,i3,4
Lenovo,2,1 TB ,24965,Pentium4,1
Lenovo,4,500,25290,UNKNOWN,UNKNOWN
Lenovo,2,500,22253,Dual Core,4
Lenovo,2,320,20650,Dual Core,1
Lenovo,2,500,27490,Dual Core,1
Lenovo,4,500,25990,Pentium4,4
Lenovo,4,1 TB ,32800,AMD,6
Lenovo,8,500,28499,AMD,UNKNOWN
Lenovo,2,500,23890,AMD,UNKNOWN
Lenovo,4,500,30999,i3,4
Lenovo,4,500,34190,i3,UNKNOWN
Lenovo,2,500,31490,i3,UNKNOWN
Lenovo,2,1 TB ,34700,i3,4
Lenovo,4,500,38590,i3,4
Lenovo,4,1 TB ,48890,i5,5
Lenovo,4,1 TB ,36690,i3,4
Lenovo,4,500,32205,i3,1
Lenovo,4,128,44488,i3,1
Lenovo,4,128,39291,i3,1
Lenovo,8,128  +  1TB ,64488,i5,1
Lenovo,8,512,152992,i7,1
Lenovo,2,32,23972,Dual Core,1
Lenovo,8,256,105512,i5,1
Lenovo,8,1TB ,102283,i7,1
Lenovo,8,180,107401,i5,1
Lenovo,4,1TB ,38504,i3,1
Lenovo,4,500,20425,Dual Core,4
Lenovo,2,500,21890,Dual Core,4
Lenovo,4,500,25080,Pentium4,1
Lenovo,4,500,25390,UNKNOWN,UNKNOWN
Lenovo,500,Intel,23990,UNKNOWN,UNKNOWN
Lenovo,4,500,27200,i3,UNKNOWN
Lenovo,4,500,28000,i3,5
Lenovo,2,Intel HD Graphics,16090,UNKNOWN,UNKNOWN
Lenovo,16,256  +  1TB ,167086,i7,1
Lenovo,4,500,19990,Pentium4,1
Lenovo,8,256,137795,i7,1
Lenovo,12,1TB ,51890,i7,1
Lenovo,4,500,78740,i5,1
Lenovo,16,512,199799,i7,1
Lenovo,4,1 TB ,50000,i5,6
Lenovo,8,128,58268,i3,1
Lenovo,8,1 TB ,37990,AMD,7
Lenovo,8,256,86535,i7,1
Lenovo,8,1TB ,93464,i7,1
Lenovo,4,1TB ,36693,Pentium4,1
Lenovo,8,1 TB ,43990,i5,7
Lenovo,4,1 TB ,28990,i3,6
Lenovo,8,128  +  1TB ,90157,i7,1
Lenovo,8,1TB ,140000,i7,1
Lenovo,4,1TB ,28898,i3,1
Lenovo,4,128,51575,i5,1
Lenovo,4,32,23386,Dual Core,1
Lenovo,8,256,78661,i5,1
Lenovo,6,128  +  1TB ,67638,i7,1
Lenovo,16,256,102283,i5,1
Lenovo,8,256,93937,i7,1
Lenovo,4,256,38189,i3,1
Lenovo,4,1TB ,19871,Dual Core,1
Lenovo,4,1 TB ,24990,i3,6
Lenovo,4,1 TB ,43990,i5,7
Lenovo,16,256  +  1TB ,110787,i7,1
Lenovo,4,1 TB ,39990,i3,7
Lenovo,8,1 TB ,60790,i5,6
Lenovo,4,64,26772,Dual Core,1
Lenovo,1 TB ,4  AMD Graphics Ca,59990,i5,6
Lenovo,8,1 TB ,55000,i7,6
Lenovo,12,2 TB ,63999,i7,7
Lenovo,4,1TB ,36929,i3,1
Lenovo,8,256  +  1TB ,90118,i5,1
Lenovo,4,1 TB ,61200,i5,7
Lenovo,16,512,121968,i7,1
Lenovo,16,256  +  1TB ,193412,i7,1
Lenovo,4,128  +  1TB ,45276,AMD,1
Lenovo,8,256,68290,i5,7
Lenovo,8,1 TB ,52990,i5,7
Lenovo,4,500,20315,AMD,1
Lenovo,8,256,189606,i7,1
Lenovo,8,256,81990,i7,7
Lenovo,4,128,39213,i5,1
Lenovo,1,Integrated Graphics,19990,UNKNOWN,UNKNOWN
Lenovo,2,500,39500,i3,3
Lenovo,2,500,25599,Pentium4,1
Lenovo,2,500,13990,Dual Core,4
Lenovo,4,500,49500,i5,UNKNOWN
Lenovo,4,500,48000,i3,4
Lenovo,4,500,37126,i3,4
Lenovo,2,500,24300,Dual Core,1
Lenovo,8,1 TB ,42190,i3,UNKNOWN
Lenovo,2,500,23790,Pentium4,1
Lenovo,4,1 TB ,24900,Pentium4,1
Lenovo,4,500,24990,AMD,1
Lenovo,2,500,32500,i3,4
Lenovo,2,320,72966,Dual Core,2
Lenovo,2,500,30100,Pentium4,1
Lenovo,2,500,27500,AMD,1
Lenovo,2,500,33413,Pentium4,1
Lenovo,2,500,31132,Pentium4,2
Lenovo,4,500,37629,AMD,UNKNOWN
Lenovo,4,500,40000,i5,UNKNOWN
Lenovo,4,500,43890,i5,3
Lenovo,4,500,54890,i5,3
Lenovo,4,1 TB ,58000,i5,3
Lenovo,4,500,47499,i5,4
Lenovo,4,320,25000,i3,1
Lenovo,8,1 TB ,59240,i7,3
Lenovo,8,1 TB ,78871,i7,4
Lenovo,8,1 TB ,77650,i7,4
Lenovo,8,1 TB ,65599,i5,UNKNOWN
Lenovo,16,1 TB ,75999,i7,6
Lenovo,8,1TB ,47008,i3,1
Lenovo,8,1TB ,35354,AMD,1
Lenovo,4,500,26220,Dual Core,1
Lenovo,12,1TB ,56147,i7,1
Lenovo,2,64,23994,UNKNOWN,UNKNOWN
Lenovo,4,128,49800,i3,3
Lenovo,4,128,83147,i5,3
Lenovo,8,512,88999,UNKNOWN,5
Lenovo,4,1 TB ,32990,AMD,6
Lenovo,8,256,97490,i7,7
Lenovo,8,1 TB ,61599,i7,UNKNOWN
Lenovo,8,1 TB ,47810,i5,UNKNOWN
Lenovo,4,500,35181,i5,2
Lenovo,4,1 TB ,42700,i5,4
Lenovo,8,1 TB ,64905,i7,3
Lenovo,4,1 TB ,58345,i5,UNKNOWN
Lenovo,4,750,47988,i5,2
Lenovo,4,1 TB ,25494,i3,3
Lenovo,4,1 TB ,33720,AMD,UNKNOWN
Lenovo,8,256,70787,i5,1
Lenovo,8,256,65275,i5,1
Lenovo,8,256,105905,i5,1
Lenovo,8,2 TB ,61990,i7,7
Lenovo,8,256,110157,i5,1
Lenovo,8,256,71732,i5,1
Lenovo,4,32,22992,Dual Core,1
Lenovo,16,256  +  1TB ,92834,i7,1
Lenovo,8,256,86378,i7,1
Lenovo,16,1 TB ,101999,i7,7
Lenovo,8,1 TB ,72990,i5,7
Lenovo,16,2 TB ,149499,i7,7
Lenovo,8,256,82283,i7,1
Lenovo,4,160,,i5,1
Lenovo,4,320,,i5,1
Lenovo,16,1TB ,222362,i7,1
Lenovo,24,512,187559,i7,1
Lenovo,6,256,45590,i5,1
Lenovo,8,256,70779,i7,1
Lenovo,8,1TB ,46378,i5,1
Lenovo,8,2TB ,66850,i7,1
Lenovo,16,512,145590,i7,1
Lenovo,4,320,,i5,1
Lenovo,8,256  +  1TB ,90472,i7,1
Lenovo,6,1TB ,39291,AMD,1
Lenovo,16,512,192519,i7,1
Lenovo,4,128,43543,UNKNOWN,1
Lenovo,4,1 TB ,34000,i5,1
Lenovo,2,160,,Core2 Duo,1
Lenovo,2,500,19604,Dual Core,1
Lenovo,2,500,17100,Dual Core,1
Lenovo,4,500,39900,i5,4
Lenovo,4,256,34961,i3,1
Lenovo,16,512,196771,i7,1
Lenovo,8,512,145590,i7,1
Lenovo,4,320,,i5,1
Lenovo,4,320,,i5,1
Lenovo,4,500,,i5,1
Lenovo,4,250,,i3,3
Lenovo,4,320,,Core2 Duo,1
Lenovo,4,320,,i5,1
Lenovo,4,500,75000,i5,4
Lenovo,1,160,,Core2 Duo,1
Lenovo,2,250,,Core2 Duo,1
Lenovo,2,250,,i3,1
Lenovo,4,500,71000,i7,3
Lenovo,4,160,,i5,1
Lenovo,1,80,,Core2 Duo,1
Lenovo,256,80,,Pentium4,1
Lenovo,2,250,,i3,1
Lenovo,2,250,,i3,1
Lenovo,32,1TB  +  1TB ,282582,i7,1
Lenovo,2,500,33920,i5,2
Lenovo,4,500,55199,i5,3
Lenovo,4,500,45499,i5,5
Lenovo,8,256,74724,i5,1
Lenovo,4,1 TB ,39799,i3,6
Lenovo,12,2TB ,66063,i7,1
Lenovo,4,500,50500,i5,3
Lenovo,8,500,82397,i5,1
Lenovo,4,1TB ,37035,Pentium4,1
Lenovo,4,500,50500,i5,3
Lenovo,4,1 TB ,48306,i5,3
Lenovo,2,1 TB ,34786,i3,3
Lenovo,4,500,52200,i5,UNKNOWN
Lenovo,6,500,49000,i5,3
Lenovo,2,160,,Core2 Duo,1
Lenovo,2,320,21918,Pentium4,2
Lenovo,4,500,44200,i3,4
Lenovo,4,500,47990,i5,UNKNOWN
Lenovo,4,500,61811,i5,1
Lenovo,8,256,54961,i5,1
Lenovo,4,128,34252,Dual Core,1
Lenovo,6,1TB ,32205,AMD,1
Lenovo,8,256,74724,i3,1
Lenovo,8,128  +  1TB ,85433,i5,1
Lenovo,16,512  +  1TB ,145275,i7,1
Lenovo,4,1TB ,21653,Dual Core,1
Lenovo,16,256,155512,i7,1
Lenovo,8,512  +  512 ,118031,i7,1
Lenovo,4,500,80000,i7,3
Lenovo,2,160,,Core2 Duo,1
Lenovo,4,320,53990,i5,2
Lenovo,4,500,69999,i5,3
Lenovo,4,500,73599,i5,4
Lenovo,8,256,114094,i7,1
Lenovo,8,256,89980,i5,1
Lenovo,8,512,100708,UNKNOWN,1
Lenovo,4,500,29055,Pentium4,1
Lenovo,4,1TB ,62676,i3,1
Lenovo,16,256  +  1TB ,161409,i7,1
Lenovo,16,256  +  1TB ,183071,i7,1
Lenovo,2,32,13701,Dual Core,1
Lenovo,4,500,57600,i5,4
Lenovo,4,500,75990,i5,4
Lenovo,4,500,29921,Pentium4,1
Lenovo,4,128,124990,i5,3
Lenovo,4,320,27999,AMD,1
Lenovo,3,500,50200,Core2 Duo,1
Lenovo,4,500,74271,i5,UNKNOWN
Lenovo,4,500,57990,i5,UNKNOWN
Lenovo,4,1 TB ,77999,i5,4
Lenovo,4,1 TB ,67990,i5,5
Lenovo,4,1TB ,30709,i3,1
Lenovo,8,256,73376,i7,1
Lenovo,4,1TB ,30236,i3,1
Lenovo,4,1 TB ,55200,i7,5
Lenovo,4,1TB ,41061,i5,1
Lenovo,4,64,25118,UNKNOWN,1
Lenovo,16,256,84960,i7,1
Lenovo,4,1 TB ,27360,i3,6
Lenovo,16,512,156141,i7,1
Lenovo,8,128  +  1TB ,67323,i7,1
Lenovo,4,128,54252,i3,1
Lenovo,2,32,19291,Dual Core,1
Lenovo,8,180,86535,i5,1
Lenovo,8,256,50386,i3,1
Lenovo,4,1 TB ,52300,i5,7
Lenovo,16,512,115590,i7,1
Lenovo,4,128,55551,i3,1
Lenovo,8,500,34750,i7,3
Lenovo,8,Intel HD Graphics 4400,198900,i7,4
Lenovo,2,500,31700,i3,2
Lenovo,4,1TB ,36405,i5,1
Lenovo,4,1TB ,24094,Dual Core,1
Lenovo,8,1TB ,50315,i5,1
Lenovo,8,256,95699,i7,1
Lenovo,8,1 TB ,99999,i7,4
Lenovo,8,1 TB ,65000,i7,UNKNOWN
Lenovo,8,1 TB ,69990,i7,4
Lenovo,16,256  +  2TB ,82598,i7,1
Lenovo,4,500,57944,i5,4
Lenovo,4,500,55800,i5,UNKNOWN
Lenovo,4,500,60990,i5,4
Lenovo,8,256,84999,i7,5
Lenovo,8,Intel HD Graphics 5300,99999,Dual Core,1
Lenovo,4,500,31190,Pentium4,1
Lenovo,4,1 TB ,52990,i5,6
Lenovo,8,256,87952,i5,1
Lenovo,6,128  +  1TB ,74724,i7,1
Lenovo,4,500,51181,i3,1
Lenovo,8,1 TB ,53990,i5,7
Lenovo,4,256,38503,AMD,1
Lenovo,8,1 TB ,63990,i5,7
Lenovo,8,512,118897,i5,1
Lenovo,8,256,112362,i7,1
Lenovo,8,512,87999,i5,7
Lenovo,8,256,77165,i5,1
Lenovo,8,256,69606,i7,1
Lenovo,8,256,105118,i7,1
Lenovo,8,512,118990,i7,6
Lenovo,8,2TB ,43887,i5,1
Lenovo,16,512,100079,i7,1
Lenovo,4,500,44016,i5,1
Lenovo,8,256,99401,UNKNOWN,1
Lenovo,4,Intel HD Graphics 400,50000,UNKNOWN,UNKNOWN
Lenovo,4,1 TB ,113499,i5,4
Lenovo,4,1 TB ,39169,i5,4
Lenovo,8,1 TB ,49900,i5,4
Lenovo,8,1 TB ,51490,i5,4
Lenovo,8,1 TB ,57600,i5,5
Lenovo,4,128,27480,Pentium4,1
Lg,8,256,66995,i5,7
Mediacom,4,32,29055,UNKNOWN,1
Mediacom,4,32,23543,Dual Core,1
Micromax,4,1 TB ,18999,Pentium4,4
Msi,16,256  +  1TB ,165275,i7,1
Msi,16,256  +  1TB ,177086,i7,1
Msi,8,128  +  1TB ,110945,i7,1
Msi,16,256  +  1TB ,141653,i7,1
Msi,16,256  +  1TB ,148819,i7,1
Msi,8,256,106220,i7,1
Msi,16,256  +  2TB ,192834,i7,1
Razer,32,1TB ,480235,i7,1
p,2,Intel Integrated NA,12499,UNKNOWN,8
p,2,Intel Integrated HD,13690,UNKNOWN,7
p,2,Intel HD Graphics 12 Core GPU,12470,UNKNOWN,7
Samsung,4,16,21181,Dual Core,1
Samsung,6,1 TB ,42985,AMD,UNKNOWN
Samsung,4,750,39990,i3,3
Samsung,4,750,36666,i5,3
Samsung,4,750,37900,i3,3
Samsung,4,500,36500,i3,3
Samsung,4,750,36590,i5,3
Samsung,6,1 TB ,49000,i5,3
Samsung,4,750,33333,i5,2
Samsung,8,1 TB ,56400,i7,3
Samsung,4,1 TB ,40500,i5,2
Samsung,4,750,46900,i3,3
Samsung,4,1 TB ,41499,i5,3
Samsung,8,1 TB ,65426,i7,3
Samsung,4,1 TB ,41450,i5,3
Samsung,6,1 TB ,42000,AMD,UNKNOWN
Samsung,4,750,45939,i3,3
Samsung,4,750,28989,i3,2
Samsung,2,500,25000,i3,2
Samsung,4,1 TB ,48190,i5,3
Samsung,2,320,22500,Pentium4,1
Samsung,4,1 TB ,49999,i5,3
Samsung,6,750,35500,AMD,UNKNOWN
Samsung,2,"11.6 inches, 1366 x 768 pixels Screen",25390,UNKNOWN,UNKNOWN
Samsung,2,320,20202,Pentium4,2
Samsung,2,320,24990,AMD,1
Samsung,6,1 TB ,53393,i5,3
Samsung,4,500,40274,i5,3
Samsung,8,500,61750,i5,3
Samsung,6,1 TB ,42900,i5,3
Samsung,4,750,33600,i3,3
Samsung,2,500,40000,i3,2
Samsung,6,1 TB ,43999,i7,2
Samsung,2,320,35500,Dual Core,1
Samsung,4,750,35500,i5,2
Samsung,4,1 TB ,37990,i5,3
Samsung,4,500,23263,AMD,1
Samsung,4,750,31869,AMD,1
Samsung,8,1 TB ,25000,i7,3
Samsung,4,1 TB ,37615,i5,3
Samsung,2,500,29260,i3,2
Samsung,2,500,24990,Pentium4,2
Samsung,4,750,35500,i3,2
Samsung,4,500,32900,i5,3
Samsung,2,500,26609,Pentium4,2
Samsung,2,500,41000,i3,2
Samsung,2,500,21250,AMD,1
Samsung,4,1 TB ,47355,i5,3
Samsung,2,500,26000,i3,2
Samsung,2,320,35500,Dual Core,1
Samsung,4,500,30975,i3,2
Samsung,6,1 TB ,46666,i5,2
Samsung,6,1 TB ,56250,i5,3
Samsung,4,750,35714,i3,3
Samsung,4,500,44802,i5,2
Samsung,4,500,35500,AMD,1
Samsung,4,1 TB ,31111,AMD,UNKNOWN
Samsung,512,40,,Pentium4,1
Samsung,2,500,32166,i3,3
Samsung,2,500,24312,Pentium4,1
Samsung,6,1 TB ,49999,i5,3
Samsung,4,750,36273,i3,3
Samsung,2,500,27888,i3,3
Samsung,6,1 TB ,54599,i5,3
Samsung,2,500,24548,Pentium4,2
Samsung,4,750,32490,i3,2
Samsung,4,1 TB ,45800,i5,3
Samsung,4,750,32900,i3,2
Samsung,4,750,28000,i3,2
Samsung,4,750,40500,i5,3
Samsung,2,500,31500,i3,3
Samsung,4,750,34792,i3,3
Samsung,4,750,39490,i5,3
Samsung,2,500,28499,i3,3
Samsung,2,500,22373,AMD,1
Sony,2,500,40000,i3,3
Sony,2,500,35990,i3,3
Sony,4,640,45990,i5,2
Sony,4,500,44990,i3,3
Sony,2,500,27499,Pentium4,1
Sony,4,500,46700,i5,3
Sony,4,750,48999,i5,3
Sony,2,500,36750,i3,2
Sony,4,500,55000,i5,3
Sony,128,12,,UNKNOWN,1
Sony,2,500,31058,i3,3
Sony,2,500,31940,i3,3
Sony,4,640,39221,i5,2
Sony,4,500,51105,i5,2
Sony,2,320,27990,Pentium4,2
Sony,2,500,32394,i3,3
Sony,2,500,36373,i3,3
Sony,2,500,32990,i3,3
Sony,4,500,38990,i5,UNKNOWN
Sony,4,320,32970,i3,UNKNOWN
Sony,4,500,40906,i5,3
Sony,4,500,44598,i5,3
Sony,2,320,32780,Pentium4,2
Sony,8,750,76999,i7,3
Sony,2,500,40654,i3,3
Sony,2,500,29990,i3,UNKNOWN
Sony,4,500,59750,i5,3
Sony,2,500,36800,i3,3
Sony,4,500,44400,i7,3
Sony,2,320,31168,i3,2
Sony,4,500,34490,i3,3
Sony,2,320,20213,Pentium4,1
Sony,2,320,26800,i3,2
Sony,4,256,89990,i7,4
Sony,4,500,38200,i3,3
Sony,4,750,49999,i5,3
Sony,4,750,44999,i5,3
Sony,4,500,44990,i5,3
Sony,4,750,57800,i7,3
Sony,4,640,60990,i5,2
Sony,2,320,25650,AMD,1
Sony,4,750,69990,i5,3
Sony,2,500,26999,AMD,UNKNOWN
Sony,4,1 TB ,44990,i5,UNKNOWN
Sony,4,Intel HD Graphics 4400,67800,i5,4
Sony,4,128,49999,i5,3
Sony,4,1 TB ,57810,i7,3
Sony,4,750,59252,i5,3
Sony,4,500,37990,i3,3
Sony,2,500,32866,i3,3
Sony,4,128,89990,i5,4
Sony,4,500,30999,i3,2
Sony,4,500,49999,i7,3
Sony,8,256,174000,i7,3
Sony,4,750,51421,i5,3
Sony,4,128,83990,i5,4
Sony,2,500,32333,i3,UNKNOWN
Sony,2,500,30990,i3,2
Sony,4,750,57300,i7,3
Sony,4,750,45000,i5,3
Sony,4,128,63790,i5,3
Sony,4,750,84199,i7,3
Sony,4,750,65890,i7,3
Sony,8,256,99990,i7,2
Toshiba,8,256,107323,i7,1
Toshiba,1,250,,Core2 Duo,1
Toshiba,8,256,82126,i7,1
Toshiba,4,500,26000,i3,3
Toshiba,2,500,29000,i3,2
Toshiba,2,500,31685,i3,UNKNOWN
Toshiba,4,750,44890,i5,UNKNOWN
Toshiba,4,500,39080,i3,4
Toshiba,2,500,35900,i5,UNKNOWN
Toshiba,2,500,22344,Pentium4,2
Toshiba,4,750,41590,i5,3
Toshiba,4,750,29999,AMD,UNKNOWN
Toshiba,4,500,49225,i5,UNKNOWN
Toshiba,4,500,41000,i5,3
Toshiba,2,500,21860,Pentium4,1
Toshiba,16,512,110472,i7,1
Toshiba,2,500,21997,i3,UNKNOWN
Toshiba,2,500,29338,i3,2
Toshiba,2,500,34645,i3,3
Toshiba,6,500,53799,i5,UNKNOWN
Toshiba,2,500,27840,i3,2
Toshiba,2,500,35644,i5,3
Toshiba,2,500,200000,i3,3
Toshiba,8,256,79527,i7,1
Toshiba,4,1TB ,31416,i3,1
Toshiba,8,1TB ,45590,AMD,1
Toshiba,8,256,54252,i5,1
Toshiba,8,256,96816,i7,1
Toshiba,16,512,203858,i7,1
Toshiba,4,1TB ,28346,Pentium4,1
Toshiba,8,256,116535,i7,1
Toshiba,8,256,73858,i5,1
Toshiba,8,256,78661,i7,1
Toshiba,4,750,42750,i3,UNKNOWN
Toshiba,4,500,25000,i3,UNKNOWN
Toshiba,8,1 TB ,63799,i7,UNKNOWN
Toshiba,1,160,,Core2 Duo,1
Toshiba,2,500,30500,i5,3
Toshiba,4,1.5 TB ,71900,i7,2
Toshiba,4,500,26500,i3,UNKNOWN
Toshiba,4,1 TB ,53299,i5,UNKNOWN
Toshiba,2,500,26055,Pentium4,2
Toshiba,8,1 TB ,36990,AMD,UNKNOWN
Toshiba,2,500,100000,AMD,1
Toshiba,4,500,29990,i5,UNKNOWN
Toshiba,4,750,51858,i5,UNKNOWN
Toshiba,2,500,27205,Pentium4,1
Toshiba,4,750,28560,AMD,UNKNOWN
Toshiba,2,500,27250,i3,1
Toshiba,2,500,27828,i3,3
Toshiba,4,750,38490,i5,3
Toshiba,4,1 TB ,66900,i5,UNKNOWN
Toshiba,2,"10.1 inches, 1280 x 800 pixels, Touch Screen",15990,UNKNOWN,UNKNOWN
Toshiba,4,500,35443,i5,3
Toshiba,4,750,43999,i5,3
Toshiba,2,500,23900,Pentium4,1
Toshiba,2,500,22990,i3,3
Toshiba,4,500,37999,i5,4
Toshiba,4,500,38340,i3,3
Toshiba,4,750,36999,i5,3
Toshiba,4,500,43500,i5,3
Toshiba,8,1 TB ,74600,i7,UNKNOWN
Toshiba,8,1 TB ,61799,i7,5
Toshiba,6,750,43434,i5,3
Toshiba,4,500,42150,i5,2
Toshiba,4,320,40990,i5,2
Toshiba,2,500,35702,i5,3
Toshiba,4,500,20700,AMD,UNKNOWN
Toshiba,2,500,21900,Pentium4,1
Toshiba,4,500,41870,i5,4
Toshiba,2,320,32903,i3,1
Toshiba,4,500,34599,i3,4
Toshiba,2,500,27990,i3,UNKNOWN
Toshiba,2,500,23600,i3,4
Toshiba,4,500,25440,i3,3
Toshiba,4,500,52723,i5,3
Toshiba,4,500,41000,i5,2
Toshiba,4,500,29999,i3,3
Toshiba,2,500,29000,i3,3
Toshiba,2,500,32480,i5,3
Toshiba,4,500,34253,i3,2
Toshiba,4,500,24990,i3,3
Toshiba,4,750,27990,i3,2
Toshiba,2,500,30179,i3,3
Toshiba,6,750,42500,i5,2
Toshiba,2,320,23490,AMD,1
Toshiba,2,62,27990,Pentium4,1
Toshiba,4,500,26349,i3,UNKNOWN
Toshiba,2,500,21000,Dual Core,1
Toshiba,4,500,,i5,1
Toshiba,4,Intel HD Graphics 4000,150000,i3,UNKNOWN
Toshiba,4,500,34250,i5,UNKNOWN
Toshiba,2,500,22000,i3,3
Toshiba,8,750,55465,i7,3
Toshiba,4,500,35980,i5,3
Toshiba,4,500,32990,i5,3
Toshiba,2,320,18200,AMD,1
Toshiba,4,500,32990,i3,3
Toshiba,4,500,31425,i3,3
Toshiba,4,500,52125,i5,3
Toshiba,8,500,31000,i3,4
Toshiba,2,500,25000,Pentium4,1
Toshiba,2,500,27132,i3,2
Toshiba,2,500,22847,Dual Core,1
Toshiba,2,500,18190,Dual Core,1
Toshiba,4,500,48315,i5,UNKNOWN
Toshiba,2,500,20800,Pentium4,1
Toshiba,4,500,29499,i3,UNKNOWN
Toshiba,2,Integrated,11999,UNKNOWN,7
Toshiba,2,320,19900,UNKNOWN,UNKNOWN
Toshiba,2,500,21000,AMD,1
Toshiba,512,80,,Core2 Duo,1
Toshiba,4,500,39789,i5,3
Toshiba,2,500,25000,Dual Core,1
Toshiba,4,500,26500,i3,3
Toshiba,8,500,44681,i5,3
Toshiba,4,500,52000,i5,3
Toshiba,2,500,21999,Pentium4,1
Toshiba,4,500,46999,i5,3
Toshiba,8,750,48500,i7,3
Toshiba,4,500,44690,i5,3
Toshiba,4,500,36990,i3,5
Toshiba,4,500,35280,i3,3
Toshiba,4,750,47390,i5,3
Toshiba,2,500,30000,i5,3
Toshiba,2,320,20192,Dual Core,1
Toshiba,4,500,20990,AMD,UNKNOWN
Toshiba,4,1 TB ,50875,i5,UNKNOWN
Toshiba,4,500,27271,i3,3
Toshiba,4,500,55000,i3,4
Toshiba,2,320,22500,Dual Core,1
Toshiba,4,500,33990,i3,5
Toshiba,8,1TB ,56378,i3,1
Toshiba,2,500,26999,i3,UNKNOWN
Toshiba,4,128,47165,i3,1
Toshiba,8,256,39291,i3,1
Toshiba,4,1TB ,42835,i3,1
Toshiba,4,500,38504,i3,1
Toshiba,16,1TB ,206693,i7,1
Toshiba,4,1TB ,36929,i3,1
Toshiba,2,320,20017,Dual Core,1
Toshiba,8,256,102677,i7,1
Toshiba,8,500,63937,i7,1
Toshiba,4,128,54252,i3,1
Toshiba,8,512,120787,i7,1
Toshiba,4,128,77874,UNKNOWN,1
Toshiba,8,256,70787,i7,1
Toshiba,4,256,47157,i5,1
Toshiba,2,16,15669,Dual Core,1
Toshiba,16,1TB ,192834,i7,1
Toshiba,1,60,,Core2 Duo,1
Toshiba,2,500,31500,i5,UNKNOWN
Toshiba,8,256,131653,i5,1
Toshiba,4,500,35197,i3,1
Venturer,32,32,12999,UNKNOWN,2
Vero,4,32,20472,Dual Core,1
Wipro,0,0,,UNKNOWN,1
Wipro,4,1TB,,i5,1
Wipro,0,0,,0,1
Xiaomi,8,256,94409,i5,1
Xiaomi,16,256,110232,i7,1
Dell ,4,320,,i5,3
Hp ,1,40,,Core2 Duo,1
Lenovo,2,160,,i5,1
Lenovo,2,320,,i5,2
Lenovo,2,320,,i5,3
Lenovo,4,320,,Core2 Duo,1
